genes,Symbol,logFC,unshrunk.logFC,logCPM,PValue,FDR
SERPINA9,NA,8.5795466,8.761292483,3.347819719,6.38E-37,1.31E-33
IGLL1,NA,7.572212479,8.098295216,1.014251096,1.00E-17,2.17E-15
LCN1,NA,5.88018124,6.386900065,-0.482634693,2.70E-10,2.32E-08
TCL1A,NA,5.493941055,5.522513971,2.859958586,6.05E-37,1.31E-33
MYBPH,NA,5.430459638,5.719066912,-0.25754744,4.21E-17,8.40E-15
CLEC17A,NA,4.765407541,4.805764921,1.657588118,5.13E-34,7.02E-31
FCER2,NA,4.738833615,4.761617761,2.435459028,1.45E-33,1.85E-30
DGKK,NA,4.730493816,5.088806218,-1.07954067,1.26E-05,0.000560387
FCRLA,NA,4.504968977,4.514062924,3.507090305,3.12E-40,1.28E-36
VPREB3,NA,4.479857685,4.491997449,3.070471311,3.44E-35,6.42E-32
FCRL1,NA,4.411732329,4.434561936,2.110731846,1.11E-27,6.31E-25
CXCR5,NA,4.386442127,4.395497493,3.39475168,2.14E-46,1.47E-42
MS4A1,NA,4.360138138,4.362493063,5.29959377,1.15E-30,8.18E-28
HAO1,NA,4.321298104,4.822647568,-1.691166809,1.15E-07,7.08E-06
CD19,NA,4.216682903,4.227817577,2.932205654,2.44E-38,7.14E-35
FAM129C,NA,4.21050355,4.235638932,1.775966003,1.95E-26,1.03E-23
CD79B,NA,4.170794466,4.17595279,3.984329275,1.35E-46,1.39E-42
BLK,NA,4.103952877,4.113915977,2.978171397,8.73E-32,7.57E-29
CR2,NA,4.087019972,4.088763647,5.45789747,5.73E-22,2.06E-19
RGS13,NA,4.086799332,4.101341007,2.426160123,5.65E-22,2.06E-19
CD79A,NA,3.971260637,3.97197352,6.629682561,3.59E-33,3.68E-30
CD22,NA,3.921745199,3.924842349,4.466263588,1.73E-33,2.09E-30
CCL19,NA,3.921188656,3.924217974,4.497534557,5.88E-29,3.55E-26
RHOXF2B,NA,3.918039888,4.041026464,-0.563470457,9.69E-13,1.13E-10
MEF2B,NA,3.841839021,3.846709575,3.737647158,4.04E-31,3.07E-28
ATP4A,NA,3.737863136,3.738560361,6.426309433,3.97E-06,0.000195121
TNFRSF13B,NA,3.728545797,3.747887553,1.674146607,3.92E-27,2.18E-24
PDILT,NA,3.719297679,3.801176867,-0.2577879,5.43E-08,3.54E-06
TLR10,NA,3.685828158,3.694813417,2.708592485,2.16E-31,1.70E-28
TNFRSF13C,NA,3.636213046,3.649274561,2.131403099,2.08E-30,1.38E-27
PRB4,NA,3.51927455,4.201275911,-2.385248884,5.79E-08,3.76E-06
SPIB,NA,3.480477446,3.482676315,4.513612891,2.48E-17,5.10E-15
FCRL2,NA,3.466460392,3.481679721,1.747487035,4.08E-24,1.86E-21
FCRL3,NA,3.463065914,3.472178907,2.465574979,9.58E-27,5.18E-24
NOX3,NA,3.40532748,5.069497366,-2.800561731,0.000194224,0.006612621
RTL1,NA,3.366276023,3.390496429,1.012895465,6.90E-08,4.43E-06
C4orf7,NA,3.331978108,3.333729834,4.689145775,5.36E-11,5.17E-09
PTPRCAP,NA,3.269150349,3.270173394,5.3987361,4.41E-42,2.26E-38
MYH8,NA,3.253505049,3.531318448,-1.932785267,1.53E-05,0.000666383
TIMD4,NA,3.22150016,3.269475502,-0.031736076,4.45E-15,6.91E-13
RGS21,NA,3.209090647,3.797325848,-2.469107326,6.98E-05,0.002658819
CXCL13,NA,3.206948905,3.20769221,5.794947077,1.07E-20,3.29E-18
CCR7,NA,3.192828307,3.195645532,3.865975284,4.20E-35,7.18E-32
CNR2,NA,3.177003582,3.199723883,0.90817977,1.01E-15,1.75E-13
MYBPC2,NA,3.172228989,3.196395694,0.823385505,1.65E-09,1.30E-07
STAP1,NA,3.149023623,3.164057485,1.452571776,2.37E-21,7.61E-19
LTF,NA,3.103874602,3.10405721,7.712477357,7.88E-11,7.35E-09
ADAM6,NA,3.094470465,3.094474565,13.17922632,1.34E-15,2.25E-13
RAG2,NA,3.092833223,3.454710281,-2.212184555,0.000254636,0.008364268
KIAA0125,NA,3.088668386,3.095220759,2.55729315,1.22E-19,3.24E-17
CD27,NA,3.073126842,3.074833844,4.462456951,4.69E-31,3.44E-28
FAM159A,NA,3.052542805,3.073870022,0.872750212,5.22E-26,2.68E-23
MGC29506,NA,3.022680688,3.023488544,5.486332469,1.86E-18,4.42E-16
SIT1,NA,3.005613841,3.010177059,2.986779105,5.24E-35,8.27E-32
GPR25,NA,3.002924072,3.019009985,1.216216405,4.70E-24,2.10E-21
POU2AF1,NA,2.992805059,2.99348014,5.714019347,3.86E-22,1.50E-19
SNORA16A,NA,2.992141657,3.637019133,-2.595049996,1.65E-06,8.67E-05
FTHL17,NA,2.9917652,4.117401881,-2.797516017,0.001251675,0.033722949
GCG,NA,2.990528981,2.994034637,3.34754825,0.001192674,0.032302903
MAP4K1,NA,2.987980769,2.990314036,3.926846966,6.01E-35,8.81E-32
LILRA4,NA,2.986214104,3.027407123,-0.057654925,3.25E-18,7.33E-16
FCRL4,NA,2.974100753,3.01761627,-0.141008431,8.57E-17,1.64E-14
TBC1D10C,NA,2.94181415,2.945229597,3.334327449,6.52E-47,1.34E-42
LY9,NA,2.898711604,2.903064796,2.944560052,2.10E-24,1.00E-21
LUZP4,NA,2.874468839,3.485434105,-2.610436853,0.000176748,0.006067953
TLR9,NA,2.87366742,2.877860118,2.971798221,1.00E-20,3.11E-18
PLA2G2D,NA,2.869990295,2.872863669,3.508102316,5.91E-14,8.23E-12
C8orf80,NA,2.867937956,2.877608848,1.785937867,1.71E-21,5.85E-19
P2RY8,NA,2.860573147,2.862223604,4.292143412,5.94E-30,3.81E-27
CD37,NA,2.843921511,2.844430467,5.96674552,1.99E-33,2.26E-30
SCARNA1,NA,2.81978245,3.228610684,-2.434926098,2.86E-05,0.001173877
LOC96610,NA,2.786907064,2.78691337,12.23979743,7.05E-15,1.08E-12
TTC24,NA,2.776561717,2.877431585,-1.294515417,3.85E-17,7.75E-15
CD5L,NA,2.769995023,2.968350219,-1.94342946,1.29E-05,0.000569348
FAIM3,NA,2.765952301,2.767096393,4.720126985,9.36E-26,4.69E-23
PNOC,NA,2.764659507,2.777513605,1.287950359,4.35E-17,8.59E-15
AICDA,NA,2.762599445,2.81746511,-0.625116681,2.60E-10,2.25E-08
UMOD,NA,2.753320016,2.999728958,-2.136725685,1.23E-05,0.000548542
WDFY4,NA,2.750200439,2.751248256,4.83015403,6.50E-23,2.67E-20
PDCD1,NA,2.737885893,2.743746466,2.358736509,1.14E-31,9.34E-29
NCF1B,NA,2.721760946,2.730540131,1.773140324,1.25E-20,3.76E-18
NCR3,NA,2.720893519,2.747641523,0.251715611,1.55E-19,4.07E-17
BTLA,NA,2.69749787,2.709794799,1.278539452,1.14E-19,3.09E-17
IL21R,NA,2.694086149,2.697562459,3.054093702,8.85E-32,7.57E-29
FCRL5,NA,2.683419643,2.685603289,3.707170923,1.09E-16,2.04E-14
ACAP1,NA,2.662408542,2.664842743,3.52960037,1.11E-39,3.80E-36
IRF4,NA,2.659368463,2.660903538,4.187099914,2.16E-21,7.03E-19
LTA,NA,2.636592741,2.65228739,0.884587056,1.20E-25,5.89E-23
DHX40P1,NA,2.621347792,2.797982622,-1.942993346,5.04E-05,0.001962926
GIF,NA,2.616998169,2.617217691,6.941266783,0.000514054,0.01531718
NCF1C,NA,2.607079277,2.611721106,2.552982553,3.00E-22,1.19E-19
PAX5,NA,2.588632889,2.591798708,3.078297044,3.75E-09,2.80E-07
ZAP70,NA,2.579995673,2.582439069,3.438050489,1.73E-29,1.08E-26
CHIT1,NA,2.566601508,2.569009616,3.445303886,2.99E-07,1.73E-05
CORO1A,NA,2.558812514,2.559112242,6.430971006,2.42E-37,6.22E-34
FCAMR,NA,2.553064555,2.560190144,1.893716571,5.75E-10,4.74E-08
NCF1,NA,2.546082893,2.54771755,3.977960908,4.48E-28,2.63E-25
SPIC,NA,2.533017104,2.640390083,-1.559442823,9.95E-08,6.19E-06
CD52,NA,2.52611497,2.526671789,5.50428474,8.02E-20,2.23E-17
SASH3,NA,2.525384013,2.526168007,5.011231072,3.51E-32,3.27E-29
KCNA3,NA,2.52157956,2.525307828,2.775094221,1.81E-18,4.42E-16
ZNF683,NA,2.511504591,2.517248999,2.15364059,1.30E-12,1.49E-10
LAX1,NA,2.510010589,2.513095762,3.03170691,4.10E-22,1.56E-19
HLA-DOB,NA,2.509922132,2.513589247,2.785898799,1.65E-15,2.71E-13
C7orf72,NA,2.506553602,3.026520552,-2.707625939,0.001015874,0.02803211
NAPSB,NA,2.504612574,2.507999431,2.8933361,1.66E-19,4.32E-17
1-Sep,NA,2.485239086,2.486643409,4.131396662,3.04E-33,3.28E-30
DERL3,NA,2.476167885,2.476680569,5.570155259,3.63E-13,4.49E-11
LTB,NA,2.454853416,2.455870558,4.562107268,1.05E-17,2.22E-15
SNORD15B,NA,2.450913296,2.482852296,-0.2306825,8.83E-06,0.000409961
UBASH3A,NA,2.432067439,2.43919978,1.765464587,1.40E-22,5.64E-20
DPEP3,NA,2.431835641,2.53877513,-1.61709692,7.00E-08,4.47E-06
TNFRSF17,NA,2.430966093,2.435426531,2.426252681,2.00E-09,1.55E-07
CYP17A1,NA,2.422741407,2.426524597,2.650847598,0.000663287,0.019071812
GNG13,NA,2.421610199,2.464499873,-0.626305097,5.48E-05,0.002116967
CCR4,NA,2.421113158,2.427606678,1.884625721,1.35E-17,2.79E-15
CD6,NA,2.418115191,2.419462867,4.118855619,1.72E-30,1.18E-27
CLECL1,NA,2.41468649,2.437399753,0.168551018,1.11E-15,1.88E-13
MIXL1,NA,2.40831729,2.463417298,-0.941269427,3.08E-10,2.61E-08
P2RY10,NA,2.391970239,2.395669594,2.649486682,1.35E-16,2.49E-14
EBI3,NA,2.388878261,2.39448751,2.057361395,1.92E-20,5.63E-18
MADCAM1,NA,2.386219274,2.390612703,2.400111332,1.92E-08,1.30E-06
GC,NA,2.384013838,2.384777687,4.89813917,0.000567257,0.016708454
XCR1,NA,2.377558079,2.39966778,0.173006607,1.66E-10,1.48E-08
RASAL3,NA,2.370094915,2.371291016,4.238779771,1.21E-32,1.18E-29
TMEM156,NA,2.370060842,2.378512863,1.464465628,1.28E-17,2.68E-15
CALHM1,NA,2.363467442,2.418776955,-0.987004702,8.92E-06,0.000411345
SLAMF6,NA,2.361384293,2.363065008,3.741806472,6.45E-20,1.84E-17
ITGAL,NA,2.358526307,2.359049111,5.416046553,2.32E-23,9.70E-21
GZMM,NA,2.34371591,2.354399976,1.114012464,3.04E-13,3.79E-11
SNORA84,NA,2.343566592,2.617826423,-2.427895553,4.36E-05,0.001708077
KEL,NA,2.338088603,2.361354692,0.070624336,1.73E-07,1.04E-05
GZMK,NA,2.336965063,2.339700561,3.020450433,4.65E-12,4.92E-10
PVALB,NA,2.333686621,2.432094396,-1.612363188,6.99E-07,3.85E-05
SIRPG,NA,2.327245364,2.3307477,2.658572443,3.86E-18,8.61E-16
RHOH,NA,2.317870028,2.319734428,3.547094852,2.91E-20,8.42E-18
TIFAB,NA,2.317486719,2.337667915,0.229423455,1.72E-14,2.60E-12
MEI1,NA,2.316451851,2.320020944,2.619800758,3.50E-15,5.48E-13
GPR174,NA,2.314126088,2.332601534,0.344164802,5.54E-14,7.85E-12
PTGDS,NA,2.299889272,2.300183826,6.178909363,4.43E-12,4.72E-10
GPR15,NA,2.299693126,2.316186362,0.481994529,3.13E-07,1.80E-05
KIAA0748,NA,2.292018877,2.298681122,1.714399945,6.76E-17,1.31E-14
LOC100233209,NA,2.28681068,2.293056417,1.79808621,1.87E-18,4.42E-16
WAS,NA,2.281261698,2.282247906,4.420194179,5.18E-24,2.26E-21
ICAM4,NA,2.275189014,2.283977449,1.3126318,7.50E-09,5.36E-07
FUT7,NA,2.273084659,2.302189993,-0.280481466,4.77E-16,8.45E-14
LOC606724,NA,2.27229509,2.276872724,2.220466525,2.70E-24,1.26E-21
CD3E,NA,2.268488625,2.269092884,5.110315583,1.79E-21,5.95E-19
BFSP2,NA,2.264669699,2.337350784,-1.365347351,4.38E-09,3.22E-07
POU2F2,NA,2.26432158,2.26503523,4.866408593,1.08E-15,1.85E-13
SPACA3,NA,2.258215216,2.493220459,-2.373759419,0.000101677,0.003727539
GRAPL,NA,2.254808138,2.294215283,-0.677961102,1.72E-10,1.54E-08
FGF20,NA,2.253160579,2.287840957,-0.519397269,0.000785367,0.022300942
TMIGD2,NA,2.250610761,2.27396935,-0.025209714,3.05E-12,3.32E-10
TIGIT,NA,2.247651617,2.251256491,2.532342065,2.65E-17,5.38E-15
GPR18,NA,2.247353106,2.256957405,1.160855581,2.16E-15,3.47E-13
TCF23,NA,2.245679976,2.416690722,-2.161129668,0.00036509,0.01134493
BTK,NA,2.245097509,2.247162155,3.322675924,4.70E-16,8.40E-14
C5orf20,NA,2.244088298,2.258125162,0.639437726,1.15E-14,1.74E-12
GAPT,NA,2.243438326,2.247683258,2.2967218,7.53E-12,7.76E-10
ITK,NA,2.238207003,2.239982073,3.531108125,2.04E-16,3.73E-14
CD180,NA,2.235416223,2.237012571,3.679984704,3.60E-14,5.16E-12
TRAT1,NA,2.23387596,2.240275701,1.709464208,3.34E-12,3.59E-10
FCRL6,NA,2.232371079,2.244769841,0.797047558,3.18E-11,3.12E-09
IKZF1,NA,2.232127561,2.232657269,5.260080873,7.19E-19,1.80E-16
CD8A,NA,2.231253907,2.232085388,4.611047789,2.45E-14,3.64E-12
CXCR3,NA,2.22902349,2.231026055,3.349952062,2.21E-19,5.66E-17
FAM65B,NA,2.227597466,2.229036429,3.82012875,1.40E-13,1.82E-11
MYO1G,NA,2.225915732,2.226998608,4.225858987,9.90E-22,3.50E-19
CD5,NA,2.213242855,2.214478944,4.022129525,1.08E-15,1.85E-13
HLA-DQB2,NA,2.207198722,2.209695432,3.011300384,5.96E-10,4.87E-08
TRPC2,NA,2.205490494,2.39974363,-2.26972254,2.23E-05,0.000941747
TRAF3IP3,NA,2.203496159,2.206051452,2.973251177,1.80E-21,5.95E-19
C2orf85,NA,2.198570997,2.296780536,-1.721892302,2.83E-09,2.15E-07
KLHL6,NA,2.196815965,2.19774512,4.413673479,2.42E-16,4.36E-14
RLTPR,NA,2.19450181,2.197013722,2.987259996,1.36E-12,1.55E-10
IGJ,NA,2.190673859,2.190687603,10.47921094,1.11E-05,0.000498889
NKG7,NA,2.184787582,2.185817977,4.25238918,2.64E-13,3.32E-11
TREML1,NA,2.184175502,2.27538866,-1.655830995,5.43E-11,5.20E-09
CCL17,NA,2.177513832,2.202738669,-0.194202041,6.55E-12,6.80E-10
SNORD94,NA,2.175356647,2.291605956,-1.881264672,0.000123204,0.00440658
LOC283663,NA,2.168582,2.172227845,2.431036781,2.95E-10,2.51E-08
LIMD2,NA,2.166193819,2.166736578,5.152677814,1.88E-20,5.60E-18
SPN,NA,2.163493013,2.164321889,4.541123036,2.12E-23,9.06E-21
CPNE5,NA,2.161123609,2.162213028,4.146224904,1.85E-18,4.42E-16
SP140,NA,2.157854718,2.15984584,3.279432637,4.89E-15,7.54E-13
CD247,NA,2.153076816,2.15609143,2.68400894,1.10E-19,3.02E-17
S1PR4,NA,2.15072733,2.153775197,2.666290623,1.42E-15,2.37E-13
SNX20,NA,2.149683669,2.152985521,2.551323402,4.33E-22,1.62E-19
HLA-DOA,NA,2.148924856,2.149385632,5.369364765,2.36E-12,2.62E-10
CRTAM,NA,2.145400627,2.156570515,0.847711329,4.14E-10,3.50E-08
TBX21,NA,2.145317771,2.156341177,0.86324219,2.39E-15,3.81E-13
CD48,NA,2.143766749,2.144410069,4.883667231,1.45E-13,1.87E-11
PPP1R16B,NA,2.143730721,2.144307561,5.040374912,3.04E-18,6.94E-16
LINGO3,NA,2.134213071,2.151768854,0.228548896,4.79E-07,2.68E-05
SH2D1A,NA,2.13169369,2.13569268,2.260214659,2.16E-13,2.75E-11
HLA-DQA1,NA,2.12794457,2.128063329,7.299544133,1.55E-11,1.55E-09
IL9R,NA,2.127402607,2.156529533,-0.425833256,1.93E-13,2.48E-11
GHRL,NA,2.126458916,2.128297201,3.359200064,0.000255745,0.008373924
ARHGAP9,NA,2.120136203,2.121268521,4.045569284,1.34E-21,4.66E-19
CD40LG,NA,2.11138044,2.117798907,1.573330884,1.14E-11,1.15E-09
SLA2,NA,2.110905533,2.114127624,2.543044715,2.91E-18,6.72E-16
CD72,NA,2.110372136,2.113500231,2.584306247,6.63E-14,9.13E-12
PLD4,NA,2.099275949,2.101530137,3.037754374,9.90E-08,6.18E-06
P2RX5,NA,2.097147562,2.099243034,3.140285439,6.70E-13,8.00E-11
CCL5,NA,2.091361563,2.09161387,6.172799274,7.00E-13,8.26E-11
CTSW,NA,2.088987592,2.091174561,3.070545745,1.77E-10,1.56E-08
FAM151A,NA,2.08833838,2.107514533,0.068552568,2.70E-05,0.001112834
SLAMF1,NA,2.085251043,2.089907135,1.993958612,2.42E-16,4.36E-14
PYHIN1,NA,2.085155561,2.089792857,2.001008476,1.16E-10,1.05E-08
SCARNA3,NA,2.082375331,3.108223313,-3.031727358,1.10E-05,0.000497721
PARP15,NA,2.081737672,2.086021806,2.108087487,3.90E-09,2.90E-07
C1orf200,NA,2.077424067,2.138586709,-1.349885723,2.26E-09,1.73E-07
LOC100188949,NA,2.075027076,2.09234945,0.183497473,1.27E-13,1.69E-11
TCL1B,NA,2.068352176,2.167884493,-1.834805777,0.000320195,0.010097714
NCR1,NA,2.06276031,2.119338093,-1.268119157,6.15E-09,4.45E-07
EOMES,NA,2.06199561,2.065884219,2.222522947,2.38E-10,2.06E-08
PVRIG,NA,2.057897243,2.060066077,3.047192674,7.63E-20,2.14E-17
IL10RA,NA,2.054249091,2.054665796,5.408772099,5.43E-17,1.06E-14
HCST,NA,2.046403576,2.04793756,3.529143354,3.29E-14,4.75E-12
ZNF80,NA,2.042927118,2.076480021,-0.684618841,1.16E-08,8.13E-07
SELL,NA,2.037438183,2.038034696,4.873966738,1.44E-10,1.30E-08
IL12B,NA,2.032737605,2.123949925,-1.768014466,6.98E-09,5.03E-07
C16orf54,NA,2.030763276,2.033086319,2.920029918,2.26E-10,1.96E-08
SNORA78,NA,2.029911854,2.967109415,-3.025523855,4.22E-05,0.001660968
IL2RB,NA,2.02980314,2.030181616,5.519919187,4.87E-18,1.08E-15
TMC8,NA,2.027861752,2.028436038,4.917835449,1.02E-17,2.18E-15
IL16,NA,2.023937146,2.024467633,5.027315818,9.54E-17,1.81E-14
GVIN1,NA,2.022277722,2.023545966,3.7741286,6.96E-13,8.26E-11
C14orf53,NA,2.018522151,2.268824488,-2.534881042,0.000787056,0.022318025
CD3D,NA,2.017232637,2.01867686,3.582819107,1.38E-12,1.56E-10
IL12RB1,NA,2.006563871,2.009247312,2.688069462,6.86E-16,1.20E-13
CD274,NA,1.999676176,2.00217017,2.78479287,2.51E-06,0.000126316
TAGAP,NA,1.997487058,1.998476069,4.102879372,2.23E-13,2.82E-11
NLRC3,NA,1.988427883,1.989677011,3.757659628,1.02E-16,1.92E-14
C17orf87,NA,1.98726945,1.991504429,2.020861321,5.03E-11,4.87E-09
GPR31,NA,1.982530886,2.183407493,-2.427055026,1.01E-07,6.26E-06
ADORA2A,NA,1.979451186,1.981387044,3.121494665,1.56E-15,2.58E-13
DOCK2,NA,1.974414074,1.974911569,5.063768134,5.93E-12,6.18E-10
ARHGAP25,NA,1.973445574,1.974288852,4.304304643,2.43E-18,5.68E-16
SIGLEC10,NA,1.972695299,1.973547499,4.288535769,4.90E-10,4.09E-08
GRAP2,NA,1.972598576,1.976482716,2.126362784,3.91E-13,4.81E-11
CEACAM21,NA,1.971934751,1.983944642,0.565071982,2.89E-12,3.16E-10
SLAMF7,NA,1.968691731,1.969047997,5.537867637,5.55E-09,4.03E-07
AMPD1,NA,1.96285907,1.973225189,0.757595267,0.000273641,0.008847008
CCL21,NA,1.962152432,1.962381547,6.166132158,1.33E-05,0.000584156
CD3G,NA,1.960236791,1.963218978,2.485734501,5.44E-11,5.20E-09
CSF2RB,NA,1.959553861,1.959953434,5.362270074,8.08E-13,9.48E-11
BANK1,NA,1.955872055,1.956924055,3.967352485,8.36E-08,5.26E-06
FLT3,NA,1.948269449,1.963781516,0.200186199,1.23E-07,7.49E-06
LSP1,NA,1.94687841,1.947060636,6.478570942,3.39E-19,8.58E-17
ITGAD,NA,1.946018253,1.988280011,-1.04193765,4.91E-05,0.00191828
GRAP,NA,1.944718484,1.946707726,3.043732735,1.31E-13,1.72E-11
PTPRC,NA,1.939699039,1.939862566,6.626391881,8.01E-11,7.44E-09
RBP5,NA,1.938359492,1.943424057,1.714604491,1.39E-09,1.10E-07
PTCRA,NA,1.937053973,2.017741494,-1.73737563,3.98E-09,2.95E-07
CCR5,NA,1.933086097,1.934511588,3.506442418,5.06E-12,5.33E-10
ARHGAP30,NA,1.920118372,1.92054902,5.209391281,9.68E-21,3.06E-18
VAV1,NA,1.91200409,1.913098465,3.860500061,3.19E-12,3.45E-10
HLA-DQB1,NA,1.907774978,1.907869176,7.384855336,2.19E-08,1.48E-06
LPXN,NA,1.906230213,1.906806912,4.77342255,4.55E-14,6.49E-12
DTX1,NA,1.902047333,1.903239185,3.727135509,6.17E-10,5.03E-08
GPR55,NA,1.895701721,1.911835035,0.092221041,7.13E-09,5.12E-07
CXCR6,NA,1.895332758,1.896692313,3.531154146,5.98E-11,5.66E-09
PIM2,NA,1.895134178,1.895375752,6.012936455,9.64E-14,1.30E-11
DOK3,NA,1.89445043,1.895214638,4.355514328,1.32E-13,1.73E-11
PM20D1,NA,1.891011882,1.918793354,-0.601610367,2.70E-05,0.001112834
FAM78A,NA,1.885619211,1.886699034,3.849581531,1.15E-18,2.84E-16
MATK,NA,1.884222694,1.890411406,1.376329092,2.09E-10,1.83E-08
FCRLB,NA,1.880993961,1.888874383,1.038448466,2.08E-06,0.000107233
ANGPTL6,NA,1.879353846,1.890465676,0.573873089,1.09E-06,5.82E-05
FLJ40330,NA,1.876674152,1.879315179,2.563381415,5.10E-06,0.000248293
C1QA,NA,1.875647211,1.875751479,7.201297164,3.87E-11,3.77E-09
CD1C,NA,1.873842666,1.878182587,1.859409921,7.43E-07,4.08E-05
IL21,NA,1.87379826,2.131611966,-2.621045192,0.000210079,0.007062229
LYL1,NA,1.871830377,1.873769791,2.996775517,5.64E-13,6.85E-11
LAG3,NA,1.868937413,1.870166911,3.644848492,2.49E-08,1.68E-06
FGD2,NA,1.865111225,1.866310548,3.675691192,2.00E-14,3.00E-12
IL2,NA,1.86184949,2.128887609,-2.651618069,2.17E-05,0.000917833
ITGB2,NA,1.859744815,1.859909952,6.520038296,1.07E-10,9.69E-09
HCLS1,NA,1.858133721,1.85851911,5.297577453,2.67E-14,3.94E-12
PARVG,NA,1.85136893,1.852461561,3.792959893,2.70E-13,3.37E-11
RAC2,NA,1.850901227,1.851060849,6.558676854,5.74E-13,6.93E-11
DOK2,NA,1.84982243,1.851258657,3.400309539,1.67E-15,2.73E-13
SNAI3,NA,1.849288745,1.855328827,1.3721761,5.58E-14,7.85E-12
ITGB7,NA,1.8456402,1.846417835,4.274534862,1.31E-12,1.50E-10
FOXP3,NA,1.845422154,1.847322221,2.995371886,5.93E-10,4.87E-08
JAKMIP1,NA,1.842176452,1.853932278,0.456173557,8.65E-08,5.41E-06
CXCL9,NA,1.839553891,1.839649989,7.276921747,5.15E-05,0.001993496
ZBTB32,NA,1.831549924,1.847968734,0.003014163,2.05E-10,1.80E-08
CIITA,NA,1.831317274,1.831622342,5.602873362,3.47E-09,2.60E-07
LOC283867,NA,1.826709115,1.914012901,-1.887626016,0.001560728,0.04092177
DPYS,NA,1.826628742,1.948413574,-2.169780293,0.000512426,0.015290849
CD1D,NA,1.82629053,1.830876353,1.727804079,3.07E-11,3.03E-09
GPSM3,NA,1.818993072,1.819532,4.769702898,2.76E-14,4.04E-12
HLA-DPB1,NA,1.817056973,1.817123426,7.782437409,2.84E-10,2.43E-08
GZMH,NA,1.814247802,1.81772449,2.104626661,2.24E-06,0.000114546
CD96,NA,1.813142015,1.814041404,4.027408864,1.21E-09,9.67E-08
SIGLEC8,NA,1.801216977,1.805750973,1.716780831,1.07E-05,0.000483998
THBS4,NA,1.794534804,1.794734534,6.169643675,0.001965885,0.049765242
KLHDC7B,NA,1.794530053,1.796217273,3.104943678,1.26E-05,0.000560498
SUSD3,NA,1.794513827,1.796786256,2.682612933,8.17E-11,7.56E-09
IFNK,NA,1.791619328,1.910732448,-2.1745412,0.001553434,0.040831599
KLRB1,NA,1.788904088,1.791347596,2.572582441,7.83E-07,4.29E-05
RMRP,NA,1.785990293,1.786637118,4.468845089,0.000147459,0.005120909
CD70,NA,1.784962322,1.789832809,1.596292747,0.000126091,0.004478641
SNORA57,NA,1.777125456,1.815393747,-1.083094483,0.001399458,0.03736133
SLA,NA,1.77105378,1.771593908,4.710095322,3.03E-09,2.29E-07
PRF1,NA,1.768792436,1.769807872,3.801997774,1.15E-08,8.05E-07
TNFSF8,NA,1.767815432,1.772261606,1.70484734,4.16E-07,2.37E-05
THEMIS,NA,1.764545662,1.767318645,2.365574823,9.29E-07,5.02E-05
ZBP1,NA,1.76338911,1.765451586,2.783684156,8.55E-08,5.37E-06
CD2,NA,1.762962834,1.763511593,4.677717618,1.11E-08,7.83E-07
HVCN1,NA,1.762295837,1.763435755,3.628295804,4.56E-10,3.84E-08
TAS1R3,NA,1.760325115,1.763213572,2.302829291,0.000534102,0.015822663
PSTPIP1,NA,1.75981176,1.762521016,2.391932151,9.73E-14,1.31E-11
CCL3L3,NA,1.759592164,1.813531437,-1.472403933,0.001700861,0.044167083
CECR1,NA,1.753912863,1.754061579,6.546378453,5.47E-10,4.55E-08
CD1E,NA,1.753228788,1.761556018,0.820801813,1.92E-05,0.00082198
KLRK1,NA,1.752397958,1.755144729,2.364953004,9.86E-07,5.31E-05
GIMAP1,NA,1.751867971,1.754268772,2.554989379,2.44E-12,2.69E-10
CR1,NA,1.751122143,1.75259141,3.252616182,7.73E-05,0.002915379
SPI1,NA,1.748209304,1.748539746,5.38971979,7.82E-12,8.03E-10
ARRDC5,NA,1.748125916,1.768077914,-0.339915632,5.56E-06,0.000269121
PTCH2,NA,1.744099195,1.746866139,2.344689929,0.000117213,0.00423659
NPHS1,NA,1.743809961,1.758792542,0.029362645,0.001403686,0.037376997
ICAM3,NA,1.740334043,1.740773778,4.969339979,7.66E-11,7.18E-09
CYTIP,NA,1.737910735,1.738455632,4.658110908,4.05E-08,2.68E-06
CD28,NA,1.735452085,1.737772293,2.583341828,2.21E-07,1.31E-05
FMNL1,NA,1.731534004,1.731823725,5.558953155,1.08E-13,1.43E-11
TNFAIP8L2,NA,1.731470881,1.734319692,2.287779408,1.16E-12,1.34E-10
NCKAP1L,NA,1.730648736,1.731052185,5.081505706,6.72E-08,4.32E-06
NETO1,NA,1.730384499,1.810535742,-1.873587552,0.001458734,0.038592536
IL22RA2,NA,1.727210712,1.749639706,-0.51142743,7.44E-05,0.002814556
BIN2,NA,1.725889587,1.726775293,3.946426584,2.36E-11,2.36E-09
CD38,NA,1.723688708,1.724916973,3.476150296,1.56E-05,0.000676837
SNORA40,NA,1.721073115,1.940489141,-2.603881978,0.000556015,0.016400847
PTPN7,NA,1.72096061,1.72159821,4.41229958,4.28E-07,2.43E-05
ADAMTS18,NA,1.719847657,1.729552748,0.576100175,0.000858558,0.024079515
DNAJC5B,NA,1.718294546,1.731835377,0.132919002,1.83E-05,0.00078714
LRMP,NA,1.714871202,1.715957461,3.641326498,0.00014342,0.005007496
FGD3,NA,1.713350796,1.714281714,3.859868417,8.10E-12,8.27E-10
CD8B,NA,1.712661098,1.714884684,2.616800741,6.85E-06,0.000324563
KCNK12,NA,1.710654171,1.721984377,0.362722009,7.34E-06,0.000345624
ABI3,NA,1.710567125,1.711201143,4.407818397,7.60E-14,1.03E-11
CYTH4,NA,1.70800452,1.708728557,4.214226054,4.62E-10,3.87E-08
FASLG,NA,1.707049023,1.714541995,0.91524581,6.45E-06,0.000308086
EVI2B,NA,1.705723242,1.705949088,5.886719446,1.70E-07,1.03E-05
HLA-DPA1,NA,1.70566058,1.705691645,8.746471692,4.45E-07,2.51E-05
CXCR4,NA,1.704229901,1.704351359,6.778596707,7.64E-08,4.85E-06
JAK3,NA,1.703687915,1.704047122,5.215961545,2.22E-09,1.71E-07
BACH2,NA,1.703243194,1.705093024,2.867408345,1.18E-05,0.00053104
C1QC,NA,1.691372059,1.69143717,7.661995379,2.22E-07,1.32E-05
MPZ,NA,1.691159448,1.693144545,2.753091131,0.001717291,0.044515131
CXCR2P1,NA,1.688949419,1.692815303,1.80946687,0.000551816,0.016323889
GTSF1L,NA,1.68621029,1.883017108,-2.587541976,7.24E-05,0.002741726
TNFRSF8,NA,1.684951414,1.690575558,1.280704525,1.16E-06,6.18E-05
OPRL1,NA,1.684006986,1.689837448,1.229475271,3.62E-06,0.000178651
CCR2,NA,1.683552901,1.687031691,1.950594077,9.21E-06,0.000422959
FAM26F,NA,1.680302136,1.682012385,2.951912634,1.78E-06,9.29E-05
APOE,NA,1.679668798,1.679708726,8.352992908,3.46E-05,0.001396453
HLA-DRB5,NA,1.67934219,1.679449945,6.921111446,0.000338536,0.010627138
CD74,NA,1.669144276,1.669147696,11.88494245,4.78E-08,3.14E-06
CFP,NA,1.667595837,1.671192433,1.885054469,2.41E-06,0.000121963
SLFN12L,NA,1.666863986,1.672633145,1.223844673,3.07E-07,1.77E-05
CEBPE,NA,1.662020295,1.738737111,-1.891136271,8.10E-05,0.003044111
HLA-DRB1,NA,1.661430376,1.661481094,7.985782627,1.37E-06,7.27E-05
SCML4,NA,1.659826328,1.662361317,2.368162979,3.29E-05,0.001334562
ICOS,NA,1.658299998,1.66179538,1.913545351,7.30E-06,0.000344488
CLEC4C,NA,1.657829296,1.833561288,-2.524572916,0.000610457,0.017751667
PIK3CG,NA,1.653446446,1.654291832,3.9259077,1.72E-05,0.000742311
TNFRSF18,NA,1.653349225,1.656384164,2.10733298,9.00E-06,0.000414309
GP1BA,NA,1.65181988,1.657940536,1.128078461,3.20E-05,0.001300067
IL4I1,NA,1.648826693,1.649611115,4.0274445,5.91E-08,3.82E-06
KCNN3,NA,1.647617506,1.649096964,3.118780472,2.59E-05,0.001079216
ZNF831,NA,1.646052289,1.648402764,2.45756719,0.00016955,0.005840358
GCET2,NA,1.645541716,1.648461269,2.152146112,6.73E-06,0.000319664
ANKRD55,NA,1.638693188,1.682642318,-1.369857354,7.04E-05,0.002675138
HMHA1,NA,1.638451375,1.638701655,5.656870525,9.53E-12,9.69E-10
LY86,NA,1.637030972,1.638585341,3.035527457,4.61E-06,0.000225398
MFNG,NA,1.635857428,1.636686795,3.931745912,2.61E-09,1.99E-07
SSTR3,NA,1.63580029,1.701632938,-1.788817467,0.00083822,0.023638264
PIK3CD,NA,1.635714349,1.636146015,4.869289855,1.80E-10,1.59E-08
C1QB,NA,1.631663049,1.63171086,8.034396725,6.12E-06,0.000293518
APOBEC3H,NA,1.630966986,1.645988245,-0.092957416,2.67E-05,0.00110713
TNFRSF4,NA,1.630085208,1.632238263,2.56304161,1.39E-08,9.64E-07
GIMAP5,NA,1.628531583,1.629246423,4.136157857,1.75E-09,1.36E-07
RASGRP2,NA,1.627900032,1.629113445,3.378010279,0.000267261,0.008668032
CD4,NA,1.62183367,1.622000499,6.220681346,8.23E-09,5.83E-07
MYO1F,NA,1.615491933,1.615972657,4.689766399,2.13E-09,1.64E-07
NCF4,NA,1.611147895,1.612067901,3.753217414,1.83E-07,1.10E-05
CXorf21,NA,1.608200841,1.612399316,1.597001308,6.89E-07,3.80E-05
SOCS1,NA,1.603592352,1.604237512,4.252515754,6.08E-07,3.37E-05
ARHGAP15,NA,1.602742503,1.60421072,3.074771711,1.04E-06,5.58E-05
RAB33A,NA,1.601568026,1.612738147,0.251666122,2.08E-07,1.24E-05
FAM46C,NA,1.601158297,1.601395882,5.68591024,6.56E-06,0.000312473
PLCG2,NA,1.60047008,1.600785707,5.276238636,2.56E-05,0.001068971
TRAF1,NA,1.598335073,1.598906172,4.420586538,1.03E-10,9.46E-09
RCSD1,NA,1.596924354,1.597484805,4.446322604,3.80E-07,2.17E-05
LCP1,NA,1.596479921,1.596541491,7.626089008,1.81E-06,9.39E-05
SLC1A2,NA,1.588959295,1.592017031,2.018475418,0.001253589,0.033730256
CTLA4,NA,1.588884919,1.591753036,2.107320414,1.00E-05,0.000455138
BHLHA15,NA,1.587349302,1.591044357,1.751418707,0.000765411,0.021794569
GNGT2,NA,1.57849486,1.585484066,0.859578218,7.65E-08,4.85E-06
CCL22,NA,1.577790286,1.578869198,3.48400022,4.80E-05,0.001878781
GPR171,NA,1.575584384,1.578325132,2.155706622,2.89E-05,0.001181846
CD69,NA,1.573553311,1.574817889,3.251668846,3.60E-05,0.001445456
DTHD1,NA,1.571396711,1.592245457,-0.574672329,0.000426944,0.012985429
TMEM149,NA,1.571313127,1.57225097,3.676309074,1.29E-09,1.03E-07
CLEC10A,NA,1.571182919,1.573093144,2.6615612,0.000399878,0.012217952
PIK3R5,NA,1.570618722,1.57153411,3.709909947,9.94E-07,5.34E-05
PDE6G,NA,1.570014359,1.583549414,-0.034018887,0.000106612,0.003873882
GNLY,NA,1.563457798,1.564490594,3.528921214,0.000669313,0.01920641
FYB,NA,1.562425443,1.562645107,5.750456048,8.83E-07,4.78E-05
APOBEC3G,NA,1.561935921,1.562570573,4.224031832,5.91E-07,3.28E-05
ARHGDIB,NA,1.555727655,1.555810356,7.149606554,4.40E-08,2.90E-06
LAT2,NA,1.555403947,1.556413817,3.551046114,1.66E-07,1.00E-05
CLEC9A,NA,1.555006358,1.588117419,-1.133279294,0.001033645,0.02840795
SIGLEC11,NA,1.551654981,1.561405204,0.37580674,0.001433148,0.03801361
GPR132,NA,1.551000326,1.552395921,3.082473943,3.93E-07,2.24E-05
PRAM1,NA,1.549883764,1.554519106,1.388567188,3.29E-06,0.000162903
FERMT3,NA,1.541527665,1.541807569,5.37540121,1.47E-05,0.000642351
CAMK4,NA,1.537753693,1.544121967,0.934966829,3.79E-05,0.001514921
C19orf38,NA,1.534106953,1.542225172,0.603760168,6.47E-05,0.002468744
FAM113B,NA,1.524458079,1.525176257,3.999338116,2.35E-06,0.000119422
XCL2,NA,1.523590405,1.536554479,-0.027908323,0.000885031,0.024687065
LCK,NA,1.522994259,1.523457065,4.628729026,0.000129585,0.004586848
CETP,NA,1.519862314,1.527766526,0.624287456,0.001508523,0.039705093
SELPLG,NA,1.518268148,1.518597547,5.111317605,8.65E-07,4.70E-05
AKNA,NA,1.51553936,1.515665873,6.485895771,2.89E-09,2.19E-07
LILRB1,NA,1.515302608,1.516668386,3.068997089,4.07E-05,0.001615857
NFAM1,NA,1.508061072,1.508895139,3.764574512,1.20E-05,0.000539356
SLAMF8,NA,1.499947584,1.5003068,4.963403609,8.33E-05,0.003113421
CHST2,NA,1.498296732,1.498832305,4.387071814,8.11E-06,0.000378402
CST7,NA,1.496971418,1.497715606,3.913813639,0.000349331,0.010932566
HLA-DMB,NA,1.496086022,1.496209642,6.494305076,0.000102031,0.003733877
CD53,NA,1.489935343,1.490122764,5.886825875,9.48E-05,0.00349316
CCR8,NA,1.489029411,1.500903043,0.042765106,0.000521069,0.015481255
CD1B,NA,1.482398598,1.515007495,-1.192411746,0.001917096,0.048891897
DOCK8,NA,1.476603138,1.476828466,5.604347834,6.03E-06,0.000290114
MIR155HG,NA,1.473052556,1.477584767,1.326174149,0.000156547,0.005410608
GIMAP7,NA,1.470126895,1.470824412,3.972077694,1.24E-05,0.000554666
AMICA1,NA,1.464349675,1.465257862,3.586315408,3.46E-05,0.001396453
LRRC33,NA,1.460707515,1.461989147,3.089675419,2.68E-06,0.000133795
AOAH,NA,1.459548921,1.460641934,3.315540471,0.000995858,0.027516788
CD244,NA,1.457155605,1.463457782,0.853399895,0.000374319,0.011573443
LILRB4,NA,1.448308581,1.44892871,4.11236227,0.001139752,0.030951208
MIAT,NA,1.439856145,1.4407425,3.589426694,0.000296623,0.009515101
TSHR,NA,1.438267848,1.458328882,-0.684247778,0.000741605,0.02114605
STAT4,NA,1.434974481,1.437283794,2.220489291,4.33E-05,0.001698026
LAPTM5,NA,1.428042515,1.42808046,8.108431274,0.000231513,0.007728391
ZC3H12D,NA,1.42192185,1.42334976,2.88596804,0.000853475,0.023969686
IGSF6,NA,1.420671535,1.42165227,3.419959258,0.000447423,0.01350824
CYFIP2,NA,1.412844796,1.413044694,5.693253775,0.000397824,0.012208268
TNFRSF9,NA,1.409206854,1.412346478,1.755401279,0.001892317,0.048319983
IL7R,NA,1.407802039,1.408502698,3.884138521,0.001506466,0.039701867
IPCEF1,NA,1.404360448,1.406274747,2.446387827,0.000446627,0.013504041
GMFG,NA,1.400938013,1.401750136,3.66352923,2.45E-05,0.00102939
LAIR1,NA,1.399238774,1.39958318,4.892411016,0.000295895,0.00950662
DOCK10,NA,1.398495625,1.39895949,4.463410716,0.00045057,0.013563344
IL27RA,NA,1.392535483,1.393020074,4.39308964,2.78E-05,0.001144955
TNFSF13B,NA,1.387560785,1.388896382,2.936055492,0.000603289,0.017568105
HLA-DRA,NA,1.384202765,1.384212482,10.01503891,0.001130545,0.030782615
C9orf139,NA,1.383524759,1.419223117,-1.396922967,0.001807893,0.046453116
FLI1,NA,1.380963525,1.38142934,4.433932237,3.50E-05,0.001408972
SH2B2,NA,1.378094129,1.379469128,2.881508439,0.000712924,0.020356518
LAT,NA,1.376026945,1.377081345,3.256601972,0.000210569,0.007063696
ANKRD44,NA,1.374910418,1.375968034,3.251477443,0.001286136,0.034470472
GIMAP4,NA,1.36761955,1.36790682,5.11088935,5.10E-05,0.001982018
LST1,NA,1.363794905,1.364774675,3.345862604,0.000448877,0.013532236
PIK3R6,NA,1.357937509,1.361593771,1.475696327,0.00036527,0.01134493
CD40,NA,1.347045893,1.347445202,4.609356785,0.001101175,0.030062661
HCK,NA,1.346889415,1.347373515,4.332846011,0.000644943,0.018648832
SNORA14A,NA,1.346764502,2.804922956,-3.200209379,0.001651306,0.043076643
RGL4,NA,1.346044183,1.353835375,0.427783339,0.000344274,0.010790751
GATA3,NA,1.331753444,1.333240366,2.707866509,0.001402721,0.037376997
C1orf38,NA,1.325295932,1.325620936,4.875761982,0.000386773,0.011904736
APOBEC3D,NA,1.312516246,1.314075604,2.613849896,0.001462366,0.038638838
PLCB2,NA,1.310114548,1.310676534,4.068401336,0.000781596,0.022224603
WIPF1,NA,1.309171364,1.309264564,6.651977365,0.000644089,0.018648832
GIMAP6,NA,1.293063452,1.293421904,4.690299735,0.000884637,0.024687065
EVL,NA,1.291103733,1.291290068,5.628737938,0.000587297,0.017175499
APOL3,NA,1.278892894,1.27913597,5.229208242,0.001614054,0.042212134
SLC15A3,NA,1.267989007,1.268207572,5.366635758,0.001922104,0.04889813
PREX1,NA,1.266801688,1.266949172,5.931186235,0.001138575,0.030951208
SH2D3C,NA,1.262276165,1.262718825,4.34386412,0.001036481,0.028439312
SPP2,NA,-1.015256962,-4.647979904,-3.269785791,0.00057929,0.016989753
OR5D13,NA,-1.037441299,-4.941462483,-3.267813694,0.001608262,0.042114316
SPINK9,NA,-1.121309169,-5.048304709,-3.263498711,0.000433243,0.013138081
SNORD115-26,NA,-1.173854506,-4.240121111,-3.254495793,0.000503145,0.015079669
GOLGA2P3,NA,-1.203201092,-4.90537168,-3.253594802,0.001385978,0.037049637
LIPM,NA,-1.522583648,-2.867983442,-3.171646064,0.001942187,0.049226051
GRK1,NA,-1.54190635,-2.298038122,-3.08533305,0.001469618,0.038780531
C4orf47,NA,-1.553821565,-1.615917569,-1.783317517,0.000888063,0.024738031
STRC,NA,-1.559991906,-1.574852822,-0.162433484,0.000851614,0.023950182
LOC649330,NA,-1.572464222,-1.635765826,-1.790857534,0.000919022,0.025496646
ANXA2P1,NA,-1.585142899,-1.586257522,3.446532023,0.000255567,0.008373924
DNAH5,NA,-1.58669108,-1.589654413,2.060069699,0.001170379,0.031740917
IQUB,NA,-1.59055683,-1.619238341,-0.93469114,0.000200862,0.006827321
F5,NA,-1.594209902,-1.594391661,6.063014854,0.001795936,0.046261692
COL28A1,NA,-1.614082595,-1.617286151,1.983673588,0.00082284,0.02323646
POU4F2,NA,-1.622818954,-2.966748186,-3.156550641,0.000308535,0.009849245
SYCP2,NA,-1.650493329,-1.653355714,2.185611289,0.001063057,0.029099421
UBE2NL,NA,-1.651927417,-1.716640587,-1.746603123,0.000276638,0.008915824
LCN12,NA,-1.660762858,-1.668242719,0.864544823,0.001827512,0.046853817
CDHR4,NA,-1.661394,-1.830126618,-2.485938086,0.001940402,0.049226051
C7orf57,NA,-1.664557707,-1.694278289,-0.900157937,0.001220673,0.032930892
STXBP5L,NA,-1.669775285,-1.691129347,-0.498860203,0.001668077,0.043458923
RGSL1,NA,-1.681200642,-2.603693456,-3.095901791,0.00065072,0.018763045
CEACAM5,NA,-1.685643752,-1.68565388,10.33893824,0.001789369,0.046173576
VWA3A,NA,-1.698020333,-1.829262554,-2.297818949,0.000515357,0.015333724
GRIK2,NA,-1.706697023,-1.730988212,-0.618744605,0.000710006,0.020301413
SRP14P1,NA,-1.709719509,-1.785628905,-1.843050487,0.000103365,0.003775956
GPR37,NA,-1.709877587,-1.715539067,1.302645834,0.000369564,0.011443677
NEK5,NA,-1.711913842,-1.736978615,-0.648983187,0.000202178,0.006849366
SLC34A3,NA,-1.715019186,-1.731364914,-0.111954951,0.000352198,0.011005506
HCN1,NA,-1.716817722,-1.787910835,-1.780523879,0.001848472,0.047318121
CFHR3,NA,-1.725166334,-1.837389489,-2.164068302,0.001277987,0.034296819
CACNA1G,NA,-1.732049417,-1.748123726,-0.075319312,0.000910529,0.025295217
PTTG3P,NA,-1.738349668,-1.884231231,-2.347876172,0.000118157,0.004248257
DNAH12,NA,-1.74138142,-1.774803528,-0.961927396,8.23E-05,0.003082573
PHACTR3,NA,-1.741988817,-1.748871806,1.070518073,0.000841757,0.023705435
BPIL3,NA,-1.743339041,-144269478.1,-3.216419415,0.000205582,0.006953223
CXorf27,NA,-1.744166342,-3.953739986,-3.183066381,0.000136014,0.004789661
NACA2,NA,-1.750862207,-1.754129038,2.118004084,0.000209718,0.007062229
LOC100128554,NA,-1.7534776,-2.580091904,-3.05857437,0.001209928,0.032727036
ACOT12,NA,-1.7619164,-2.613095834,-3.067207047,0.00098662,0.027298252
VGF,NA,-1.771252909,-1.773272207,2.823302681,0.001022734,0.02818353
CSNK1A1L,NA,-1.7717329,-1.856633943,-1.899030852,0.000252892,0.008320299
C6orf218,NA,-1.771871135,-1.890706867,-2.18197923,0.001330987,0.035626032
KCNT1,NA,-1.774908581,-1.795683579,-0.353052014,0.001028521,0.028305011
WDR65,NA,-1.785600677,-1.890789873,-2.066557214,0.000146432,0.005095331
PGAP3,NA,-1.7967735,-1.796944196,6.39862082,7.17E-06,0.000339163
PNMT,NA,-1.801030065,-1.830359726,-0.748535767,0.000353604,0.011032649
CATSPERB,NA,-1.817624802,-1.821717501,1.878642301,7.23E-05,0.002741726
RGS20,NA,-1.829389298,-1.858666856,-0.718809038,0.000569656,0.016755078
MUC17,NA,-1.844736239,-1.844768628,8.851335468,0.001415765,0.037601109
GCGR,NA,-1.848620952,-1.945895345,-1.953104909,0.000584727,0.017124751
LHFPL3,NA,-1.855710487,-1.864150296,0.917927735,0.000359678,0.011205146
EFCAB1,NA,-1.858245399,-1.90317496,-1.1838914,5.76E-05,0.002218689
OR4N3P,NA,-1.859317124,-3.074315552,-3.102173008,0.001107938,0.030207132
GRXCR2,NA,-1.862731801,-2.992806453,-3.095392306,0.001443627,0.038242157
GRIN3B,NA,-1.863881238,-1.901357632,-0.979635397,0.000183908,0.006303218
PIWIL3,NA,-1.863896166,-2.150697754,-2.680407511,0.001859783,0.047548377
ALDH1A2,NA,-1.864042261,-1.868569014,1.790076828,0.000504325,0.015092991
ANO3,NA,-1.871299084,-1.898619557,-0.596314289,0.000554999,0.016394423
CHRNB2,NA,-1.878908072,-1.885508708,1.281862875,0.000305873,0.009781262
TSPAN19,NA,-1.896227038,-3.409843908,-3.128654812,0.000410347,0.01251773
MTUS2,NA,-1.896604631,-1.905653566,0.868270259,0.000308958,0.009849245
CTCFL,NA,-1.902754673,-1.910923382,1.012555451,0.001766749,0.045681813
CEACAM6,NA,-1.912140076,-1.912161937,9.496550697,8.59E-05,0.003199817
SCRT1,NA,-1.921661117,-2.052755312,-2.157286164,8.75E-05,0.003248275
SCG3,NA,-1.921811372,-1.926263587,1.878389012,0.001037557,0.028439312
BNIPL,NA,-1.924080132,-1.928136232,2.011257797,0.0015553,0.040831599
SFTPD,NA,-1.92416276,-1.946447041,-0.286118928,0.000571282,0.01677886
LOC100130274,NA,-1.933660035,-2.123420835,-2.403378992,0.000669839,0.01920641
C2orf39,NA,-1.934243859,-2.045970922,-2.014385977,9.25E-05,0.003428045
KLK7,NA,-1.939496007,-1.940142402,4.647634454,0.001828052,0.046853817
ANGPTL5,NA,-1.940394166,-2.03947214,-1.909267581,0.000315999,0.010006055
RPL19P12,NA,-1.949186863,-1.953716697,1.88438308,2.47E-07,1.45E-05
LOC442459,NA,-1.95293882,-2.316071447,-2.760290251,0.000201343,0.006832358
DPY19L2P1,NA,-1.955946999,-2.03315375,-1.67085081,0.000148183,0.005130181
LOC401387,NA,-1.971404706,-2.023849168,-1.254804932,0.000427963,0.012997146
LRAT,NA,-1.973857073,-1.981669646,1.153832212,0.000316678,0.010006055
DRD2,NA,-1.974969631,-1.991870304,0.11740202,0.00038143,0.011757897
INSM1,NA,-1.975258949,-1.976606308,3.635104778,0.000601486,0.017540485
PLA2G4D,NA,-1.977393214,-1.995641334,0.020613407,0.000187963,0.006420768
HSP90B3P,NA,-1.982406233,-2.019063186,-0.840576028,2.92E-06,0.000144553
C1orf87,NA,-1.982816238,-2.243715123,-2.573519938,0.001790266,0.046173576
HBG2,NA,-1.982943466,-2.21477545,-2.513486749,0.000275791,0.00890249
KIAA1751,NA,-1.998009088,-2.037858838,-0.925973315,0.000138,0.004851274
GABRB2,NA,-2.007672676,-2.013274014,1.652516035,0.000104043,0.003787227
SLC22A9,NA,-2.013653692,-2.106035044,-1.787288882,0.000639557,0.018545357
INHA,NA,-2.0137367,-2.032639945,0.014182194,0.000316802,0.010006055
HAP1,NA,-2.021527685,-2.028939298,1.278941099,9.48E-05,0.00349316
LOC731789,NA,-2.0226653,-2.036499976,0.431297422,0.001701713,0.044167083
ATP6V1B1,NA,-2.02682554,-2.037366027,0.801448933,2.15E-05,0.000914585
PCDHA8,NA,-2.027512013,-2.111363338,-1.687398229,0.000819283,0.023167868
GBX2,NA,-2.030697163,-2.153563554,-2.033401522,0.0002662,0.008668032
PRMT8,NA,-2.039456062,-2.309433256,-2.56673149,0.000162032,0.005590786
GNRH2,NA,-2.041517385,-2.699835874,-2.93681797,0.000654718,0.018851852
LPPR1,NA,-2.049447467,-2.073145551,-0.242740294,0.000103582,0.003777156
ZMAT4,NA,-2.050372183,-2.201192425,-2.181333077,0.000246782,0.008132323
LCE3C,NA,-2.053852137,-6.470755938,-3.180116472,0.001933175,0.049118925
ENPP3,NA,-2.057750185,-2.062587651,1.910711935,0.000482013,0.014488617
MRGPRE,NA,-2.064419715,-2.18849556,-2.012671193,0.000246213,0.008126607
MUM1L1,NA,-2.074613859,-2.101528492,-0.375499064,0.000267121,0.008668032
OPRD1,NA,-2.079101215,-2.151968876,-1.509356807,0.001651287,0.043076643
BCL8,NA,-2.081325271,-2.119185746,-0.78265847,6.39E-05,0.002446351
FER1L5,NA,-2.08190342,-2.119306253,-0.767551434,2.32E-05,0.000977101
C17orf37,NA,-2.093994833,-2.094111927,7.282150111,1.17E-08,8.13E-07
BRS3,NA,-2.096503627,-2.435499903,-2.660416935,0.00026487,0.008645119
CPN2,NA,-2.097987992,-2.142809803,-0.967047232,0.000138623,0.004864854
RUNDC3A,NA,-2.103294964,-2.111231164,1.272003036,1.25E-05,0.000555456
ASB15,NA,-2.107282056,-2.34565708,-2.467405541,0.000375654,0.01159727
CHRNA4,NA,-2.108367527,-2.18847292,-1.57724727,0.000310234,0.009868226
TEX15,NA,-2.109539453,-2.119853259,0.918258769,0.000330879,0.01041864
NPBWR1,NA,-2.117950649,-2.237185433,-1.947734175,0.000399065,0.012217952
TNNT2,NA,-2.119866446,-2.15911355,-0.78843651,2.48E-06,0.000125121
SLIT1,NA,-2.120826124,-2.131396489,0.89775838,2.14E-06,0.000110205
HAL,NA,-2.124315263,-2.138052297,0.545529852,5.91E-06,0.000284961
NTS,NA,-2.13126156,-2.136640394,1.843771969,0.000170713,0.00587059
LOC647288,NA,-2.138571266,-2.217539991,-1.549976575,5.12E-07,2.85E-05
ANKRD33,NA,-2.138897487,-2.203446556,-1.33593799,0.000238453,0.007883153
AMBN,NA,-2.145053871,-2.506061937,-2.665199435,0.001920793,0.04889813
LOC100240726,NA,-2.145477115,-2.518426132,-2.683327422,0.000209565,0.007062229
KRTAP1-1,NA,-2.154109196,-2.762051177,-2.881642489,9.44E-05,0.003492993
MYT1,NA,-2.157568676,-2.173463746,0.389975928,0.000122974,0.004406016
EDDM3A,NA,-2.160760764,-2.604714854,-2.751369429,0.000233093,0.007755926
SPINK5,NA,-2.160963935,-2.16107211,7.470673861,0.000593725,0.017338805
C21orf54,NA,-2.171054796,-4.140709386,-3.110076426,0.000230199,0.007697043
C1orf158,NA,-2.178824095,-2.869843841,-2.906865051,0.000185678,0.006353273
EEF1A1P9,NA,-2.183088612,-2.18365006,5.122763652,5.33E-08,3.49E-06
EREG,NA,-2.185294639,-2.186595063,3.919021932,1.71E-05,0.000740643
CHRND,NA,-2.189405923,-3.071216783,-2.970610758,0.000210181,0.007062229
KNDC1,NA,-2.194009263,-2.203065936,1.187103717,3.95E-06,0.00019469
WBP11P1,NA,-2.197626117,-2.252349542,-1.109375713,2.98E-07,1.73E-05
FLJ46111,NA,-2.202327525,-2.330240376,-1.953160526,4.33E-07,2.45E-05
CELF3,NA,-2.202822926,-2.20993135,1.531557747,6.04E-05,0.00231878
NCAN,NA,-2.213666912,-2.280768093,-1.32031708,1.37E-05,0.000598944
CAPSL,NA,-2.217869571,-2.778410832,-2.825467491,0.000132712,0.004689471
ASPDH,NA,-2.218686099,-2.29451221,-1.448155817,0.000262816,0.008591739
LOC339535,NA,-2.220531511,-2.248674538,-0.288755417,0.000365899,0.011347286
CXADRP3,NA,-2.224768499,-2.424391039,-2.286767611,1.38E-06,7.27E-05
ALOX15,NA,-2.22556535,-2.234237789,1.280118819,1.95E-05,0.000831324
DNAH11,NA,-2.227306791,-2.261933236,-0.544221779,1.18E-07,7.26E-06
POU4F1,NA,-2.229293165,-2.250147614,0.100993423,0.000303327,0.009714996
ARG1,NA,-2.231282392,-2.341641208,-1.806110489,2.59E-06,0.000130182
C9orf171,NA,-2.233573792,-2.412071403,-2.193162877,4.20E-06,0.000205623
SYNPO2L,NA,-2.238465366,-2.252716047,0.613909849,1.21E-05,0.000543074
AIRE,NA,-2.244482845,-2.309388066,-1.255712633,8.57E-05,0.003198449
LCE3A,NA,-2.247737679,-6.663920192,-3.156029375,0.000506486,0.015135609
KCNU1,NA,-2.248170142,-3.141635251,-2.961196302,4.17E-05,0.001649392
C6orf118,NA,-2.251265378,-2.5864979,-2.583848491,0.000126474,0.004484463
VWA5B1,NA,-2.25354724,-2.273675735,0.174815558,0.000314073,0.009965884
DMP1,NA,-2.259269176,-2.324350004,-1.244818123,6.29E-06,0.000300932
CLEC2A,NA,-2.261532206,-3.470380177,-3.024322849,0.000335313,0.01054208
FAM55A,NA,-2.26256662,-2.311193254,-0.914334144,0.0008038,0.022761392
BEST3,NA,-2.269058895,-2.308695529,-0.6696296,2.89E-05,0.001181846
SRRM4,NA,-2.279575348,-2.34722588,-1.271440767,2.56E-05,0.001068971
HSPB1P1,NA,-2.303721957,-2.327248552,0.020733403,1.59E-08,1.09E-06
HP,NA,-2.304946326,-2.309381453,2.301047713,0.000266657,0.008668032
WFDC12,NA,-2.311467227,-2.387019745,-1.372077172,0.000143955,0.005017636
TRDN,NA,-2.31434665,-2.483028299,-2.098019882,8.73E-05,0.003247938
PAX7,NA,-2.320023768,-2.573855433,-2.389381656,0.000124256,0.004436476
KRTAP4-1,NA,-2.320720958,-2.359698027,-0.597866057,0.000310515,0.009868226
DLL3,NA,-2.322650511,-2.33524106,0.867587878,5.87E-05,0.002258487
RLBP1,NA,-2.324234715,-2.451203564,-1.859541037,7.36E-06,0.000345853
DSG1,NA,-2.33971353,-2.342191583,3.163896999,0.000878783,0.024579589
PLAC4,NA,-2.351243639,-2.353796232,3.134552247,1.76E-09,1.37E-07
CCDC67,NA,-2.35933453,-2.493979516,-1.889792284,5.18E-06,0.00025119
KLK13,NA,-2.36158761,-2.362132608,5.359519805,0.000627411,0.018218889
ZNF365,NA,-2.365380553,-2.370879166,2.06140054,2.84E-07,1.65E-05
GRB7,NA,-2.369347989,-2.369531037,6.93954577,1.13E-09,9.02E-08
11-Mar,NA,-2.373784926,-3.063509555,-2.843568304,4.18E-05,0.001649392
C13orf38,NA,-2.37401201,-2.427072034,-0.921938824,1.11E-06,5.90E-05
TNNT3,NA,-2.374183168,-2.425277325,-0.865653953,0.000125995,0.004478641
FAM19A4,NA,-2.375668049,-2.383502229,1.577036607,0.000908609,0.025276076
SERPINE3,NA,-2.380619663,-2.476030598,-1.544838311,1.33E-05,0.00058394
ADCY8,NA,-2.385622558,-2.668340678,-2.428554009,0.000288708,0.009290243
SPINK4,NA,-2.386125078,-2.386469342,6.04738629,0.000524035,0.015546873
FIBCD1,NA,-2.39011723,-2.393266096,2.876966798,9.52E-06,0.000435148
SCEL,NA,-2.394536266,-2.394964339,5.742545526,0.000484707,0.014548285
MAEL,NA,-2.396581036,-2.416971987,0.299353062,3.14E-05,0.001278828
SPINK6,NA,-2.397728336,-2.574500443,-2.099527303,0.00107517,0.029391791
HRH3,NA,-2.398788031,-2.49689903,-1.553756424,0.000236643,0.007847381
C17orf54,NA,-2.399152595,-2.953304405,-2.770569265,0.000117614,0.004237448
UGT1A7,NA,-2.406977279,-2.417420823,1.209808603,0.000399925,0.012217952
TM4SF4,NA,-2.431594878,-2.432091608,5.568159568,1.80E-06,9.35E-05
DPPA3,NA,-2.432534473,-2.600778035,-2.026246644,0.000951173,0.026353006
KIAA1239,NA,-2.451141269,-2.470864979,0.395930606,9.19E-10,7.40E-08
ITIH2,NA,-2.452226035,-2.456099615,2.648474246,0.000134669,0.004750422
CYP4F8,NA,-2.462137018,-2.645091691,-2.074089156,0.00011765,0.004237448
WFDC5,NA,-2.463167372,-2.500283604,-0.411665803,0.001259708,0.03385052
VTN,NA,-2.46730021,-2.467823011,5.532626739,1.84E-05,0.000790994
DNAI1,NA,-2.476693428,-2.724237042,-2.29060161,7.72E-06,0.000361643
HRG,NA,-2.477933569,-2.843040336,-2.53520027,9.75E-06,0.000444823
H2BFM,NA,-2.483305792,-3.408066529,-2.901235723,0.000121867,0.004374015
KLK12,NA,-2.48803005,-2.491911622,2.682754326,0.000189423,0.006459899
SERPIND1,NA,-2.493797169,-2.502422078,1.565436322,4.70E-07,2.63E-05
ERBB2,NA,-2.496195122,-2.496227449,9.57580204,9.92E-13,1.15E-10
NACAP1,NA,-2.500516188,-2.534732092,-0.272321139,1.06E-10,9.66E-09
IL1F5,NA,-2.500523853,-2.509112953,1.576846498,0.001730063,0.044789638
RFX4,NA,-2.506527128,-2.625663768,-1.670304713,2.15E-06,0.000110405
KIF1A,NA,-2.512276908,-2.514120609,3.770187826,2.09E-05,0.000890356
KCNQ2,NA,-2.512681645,-2.547425436,-0.275760385,2.72E-06,0.000135149
HS3ST6,NA,-2.518852039,-2.541723429,0.265126916,0.0001145,0.004145821
FGL1,NA,-2.520141306,-2.525975549,2.140483619,0.00041718,0.012707277
NTSR1,NA,-2.52651311,-2.530395473,2.722666325,7.65E-08,4.85E-06
KRTAP9-4,NA,-2.528005764,-3.451688826,-2.900808323,0.000236989,0.007847381
CDH4,NA,-2.546532575,-2.613438368,-1.033656519,1.68E-09,1.32E-07
LOC643387,NA,-2.54990339,-2.689931227,-1.791835673,5.36E-09,3.90E-07
CNPY1,NA,-2.564757191,-2.746769498,-2.006064031,2.16E-05,0.000916543
TMIGD1,NA,-2.566203962,-2.83855617,-2.29560129,8.05E-05,0.00303427
PROL1,NA,-2.567088144,-3.383823768,-2.849215938,5.75E-05,0.002218689
MUC12,NA,-2.56890053,-2.57050703,4.026964347,6.33E-08,4.08E-06
LOC100130331,NA,-2.579409134,-2.617801643,-0.341465132,4.75E-09,3.48E-07
MSLNL,NA,-2.611429092,-2.738277835,-1.648040977,2.05E-06,0.000106089
UGT2A1,NA,-2.615961413,-2.898255477,-2.306036615,8.09E-07,4.42E-05
UPK1A,NA,-2.617009379,-2.63135526,0.987899825,4.26E-05,0.001674538
KLK14,NA,-2.652638403,-2.715116128,-0.868849474,3.45E-09,2.59E-07
AKAP4,NA,-2.652792081,-2.826247271,-1.912510281,2.67E-06,0.000133637
KRTAP4-8,NA,-2.658186333,-3.602740434,-2.864618172,0.000139337,0.004881561
FLG2,NA,-2.658925539,-2.769682359,-1.488774872,5.70E-06,0.000275374
SLC17A1,NA,-2.663323383,-3.197709854,-2.633156647,2.66E-05,0.001105949
VAX1,NA,-2.667167661,-2.880587965,-2.069308749,3.79E-05,0.00151571
MYBPHL,NA,-2.669596809,-2.728393744,-0.773949149,1.74E-06,9.12E-05
LOC647309,NA,-2.683339929,-2.872296053,-1.952927909,8.88E-06,0.000411023
LOC442454,NA,-2.693081545,-2.715405153,0.466498735,3.28E-14,4.75E-12
PLG,NA,-2.697128537,-4.314551392,-2.976708425,8.89E-06,0.000411023
SYT4,NA,-2.703077478,-2.716659491,1.149990387,5.09E-06,0.000248293
PSG1,NA,-2.717611104,-3.258508526,-2.64113886,0.000235265,0.00781552
KRTAP1-5,NA,-2.731645604,-3.149431925,-2.486714587,4.65E-07,2.61E-05
HTR3D,NA,-2.734002169,-3.784652953,-2.868893481,0.000233063,0.007755926
DDX53,NA,-2.748397646,-2.946113459,-1.950596403,4.07E-05,0.001615857
SLC17A8,NA,-2.782572513,-2.817327108,-0.02816859,1.88E-05,0.000806295
ACSM2A,NA,-2.797062172,-2.969367743,-1.808952152,8.22E-07,4.48E-05
CALCB,NA,-2.800648791,-3.020099829,-1.992044974,2.46E-06,0.000124194
DEFB103B,NA,-2.804029875,-2.849585514,-0.353581754,0.001216688,0.032866595
KRT1,NA,-2.815131818,-2.824593451,1.762660829,8.02E-06,0.000375066
UGT1A8,NA,-2.831457988,-2.879983675,-0.401740253,2.29E-06,0.000116506
XKR7,NA,-2.837929395,-2.872767393,0.024523831,2.69E-05,0.001112834
LOC146336,NA,-2.845477598,-2.855543072,1.70894898,1.56E-08,1.06E-06
CGA,NA,-2.846662126,-2.867610995,0.703561844,3.95E-05,0.001573857
TEKT1,NA,-2.847509805,-3.784052118,-2.792750109,9.40E-06,0.00043059
SEZ6,NA,-2.863061956,-2.891214721,0.324679509,6.79E-10,5.51E-08
EPHA8,NA,-2.863774906,-2.94990943,-1.05112516,1.22E-07,7.46E-06
AHSG,NA,-2.864966346,-2.872333045,2.166267375,0.000227606,0.007622768
SH3GL3,NA,-2.868536678,-2.974221789,-1.277938603,2.23E-06,0.000114109
OR4N4,NA,-2.883632047,-3.329844053,-2.440830803,0.001802787,0.046379973
LOC121838,NA,-2.884719765,-3.073288314,-1.822559207,1.01E-06,5.40E-05
LHX3,NA,-2.895389327,-3.285956558,-2.366773565,2.48E-07,1.46E-05
HULC,NA,-2.909271865,-2.938397997,0.325744528,0.000871865,0.024419367
HPR,NA,-2.913582289,-3.000254826,-1.016415774,3.75E-08,2.49E-06
VSIG8,NA,-2.922592776,-2.956259922,0.146576381,2.59E-08,1.74E-06
SLC2A7,NA,-2.925752533,-3.240904074,-2.221337841,0.000107374,0.003894665
KRTAP9-8,NA,-2.931816262,-5.375590512,-2.992688289,0.000124502,0.004437538
CAPN14,NA,-2.946847523,-2.948483511,4.393988747,1.62E-05,0.000703266
SLC7A13,NA,-2.949789668,-3.892312219,-2.767818146,0.000147666,0.005120909
DSG4,NA,-2.975087345,-3.015627575,-0.03584655,1.46E-08,1.01E-06
TFDP3,NA,-2.998135878,-3.868420145,-2.713593128,8.74E-06,0.000407081
HHATL,NA,-3.009443711,-3.991894075,-2.755347817,1.36E-05,0.000594274
GLYATL3,NA,-3.016783529,-3.265681993,-1.981346748,2.50E-05,0.001048505
FGF19,NA,-3.025189079,-3.04113251,1.251502296,2.23E-07,1.32E-05
UNCX,NA,-3.025774005,-4.251060574,-2.824852667,0.001410829,0.037518559
FXYD4,NA,-3.027603056,-3.041392894,1.454036968,3.81E-08,2.52E-06
PLSCR5,NA,-3.033776395,-4.098264413,-2.782275713,4.08E-05,0.001615857
KRT23,NA,-3.041907252,-3.042766119,5.417895732,4.94E-09,3.61E-07
SPRR4,NA,-3.048790092,-3.515860974,-2.404102332,0.000675428,0.019339671
DSC1,NA,-3.050286317,-3.130376636,-0.817317615,1.47E-08,1.01E-06
CGB,NA,-3.051209589,-3.073095573,0.837311838,0.000100862,0.00370428
FTHL3,NA,-3.055233738,-3.062894221,2.30284578,7.06E-14,9.66E-12
RIMS2,NA,-3.060334686,-3.08682488,0.594168158,9.18E-11,8.45E-09
TRPM8,NA,-3.070061981,-3.16015181,-0.932095834,1.08E-11,1.10E-09
TLX3,NA,-3.088665298,-3.420937694,-2.14957207,2.99E-05,0.001219204
RNASE7,NA,-3.105790302,-3.113929481,2.267343637,2.34E-05,0.000985252
PPIAL4C,NA,-3.110418088,-3.169674507,-0.398570781,3.41E-12,3.65E-10
SPINK7,NA,-3.120840965,-3.124269112,3.512013616,0.000444331,0.013454434
SLC38A4,NA,-3.166667189,-3.175678788,2.187276421,1.86E-12,2.09E-10
LGALS14,NA,-3.178207758,-3.502300327,-2.058918433,0.000142891,0.004997518
CPB2,NA,-3.18274596,-3.351007379,-1.509621086,7.59E-09,5.41E-07
ANXA2P3,NA,-3.18845618,-3.263608649,-0.616052489,3.95E-13,4.83E-11
CCL16,NA,-3.197707443,-3.251199665,-0.190508533,3.72E-08,2.48E-06
SLC17A2,NA,-3.200139624,-3.949586407,-2.581000944,6.45E-05,0.002464192
FLJ43860,NA,-3.200225548,-3.452886089,-1.873537789,1.68E-06,8.85E-05
RHAG,NA,-3.343726269,-3.729320033,-2.11449236,8.01E-08,5.06E-06
GPR123,NA,-3.356583238,-3.411403417,-0.074106418,1.46E-09,1.15E-07
FETUB,NA,-3.358998938,-3.447326417,-0.668663444,0.000268541,0.008695802
TRIML2,NA,-3.378171119,-3.601530183,-1.635542178,2.36E-07,1.39E-05
CFHR5,NA,-3.39733072,-3.768923714,-2.053969186,1.27E-05,0.000563392
CRYGC,NA,-3.404737629,-5.005424815,-2.779177825,3.79E-07,2.17E-05
CLDN10,NA,-3.461694836,-3.479182047,1.553244943,6.28E-11,5.92E-09
ZBBX,NA,-3.467693149,-4.313918415,-2.51324611,2.60E-07,1.52E-05
CER1,NA,-3.472940566,-3.865857306,-2.049057485,2.69E-06,0.000133936
SERPINC1,NA,-3.477105142,-3.605668788,-0.996674633,2.52E-12,2.77E-10
ATP12A,NA,-3.479701247,-3.520025637,0.43597691,1.07E-05,0.000486383
LY6G6C,NA,-3.53478249,-3.547562626,2.062440235,5.93E-14,8.23E-12
CDC20B,NA,-3.560209698,-3.662088702,-0.65336955,2.97E-11,2.95E-09
ESX1,NA,-3.613284924,-3.914048045,-1.740969399,3.39E-05,0.001373371
MMP20,NA,-3.640462604,-3.802740405,-1.114274136,1.23E-07,7.49E-06
CFHR2,NA,-3.68053626,-4.391132755,-2.323438386,0.000650651,0.018763045
KRT27,NA,-3.692157816,-3.825526226,-0.85004969,1.77E-07,1.06E-05
SPRR2G,NA,-3.742137482,-3.762463949,1.617518837,9.94E-05,0.003658775
RPTN,NA,-3.74709889,-3.797791806,0.381609301,1.76E-06,9.18E-05
KRTDAP,NA,-3.777700445,-3.788538951,2.535087197,0.001671269,0.043486878
LOC415056,NA,-3.872818258,-4.573943321,-2.226354766,2.19E-08,1.48E-06
KPRP,NA,-3.92347537,-3.939368398,2.139454264,0.000391731,0.012039271
LIPK,NA,-4.006922304,-5.493776093,-2.526245475,1.27E-07,7.72E-06
C3orf43,NA,-4.028269496,-4.400369897,-1.644667737,5.67E-11,5.39E-09
ACSM2B,NA,-4.094293952,-4.271282725,-0.844305645,1.09E-07,6.75E-06
COL20A1,NA,-4.240529171,-4.512290472,-1.18602193,7.73E-09,5.49E-07
BPIL2,NA,-4.295817278,-5.122058472,-2.096445031,5.76E-07,3.20E-05
FLG,NA,-4.421667061,-4.429181447,3.698137612,2.08E-15,3.35E-13
KRT28,NA,-4.440124587,-6.144855886,-2.357257941,3.73E-05,0.001495663
FMR1NB,NA,-4.490055308,-5.647361576,-2.157264549,3.06E-08,2.05E-06
CALCA,NA,-4.51163445,-4.66644573,-0.329660352,5.24E-12,5.49E-10
POU3F2,NA,-4.512051822,-4.759659583,-0.86545839,6.04E-13,7.25E-11
LCT,NA,-4.770270072,-4.784955312,3.089549575,2.55E-15,4.02E-13
PNLIPRP3,NA,-4.803603158,-5.169840565,-1.050677751,1.12E-08,7.84E-07
PSKH2,NA,-4.805466159,-7.027739822,-2.271951518,8.14E-05,0.003054629
CA6,NA,-4.849165927,-5.431852649,-1.439421531,1.76E-10,1.56E-08
ALB,NA,-4.877052225,-4.877560781,8.026019623,4.32E-09,3.19E-07
ASCL1,NA,-5.321250521,-5.333147067,3.937228051,5.99E-18,1.31E-15
CSH2,NA,-5.523166032,-7.171069423,-1.720120316,2.71E-07,1.58E-05
AFM,NA,-5.606609092,-5.87537473,-0.008768764,5.12E-05,0.001986855
KRTAP3-1,NA,-5.608648272,-5.797890416,0.418637164,3.61E-11,3.53E-09
KRTAP3-2,NA,-5.988342355,-6.450966995,-0.298378642,1.19E-08,8.29E-07
BPIL1,NA,-6.397547183,-6.421937045,3.984578126,8.65E-10,7.00E-08
TTC29,NA,-6.572082912,-7.221729288,-0.117375795,1.96E-12,2.19E-10
AFP,NA,-6.751767183,-6.760114556,5.871013418,5.67E-10,4.69E-08
OR8K5,NA,-6.940250242,-8.015998033,-0.280104108,1.33E-05,0.00058394