"genes","Symbol","logFC","unshrunk.logFC","logCPM","PValue","FDR"
"TBC1D10C",NA,2.94181414998838,2.94522959707153,3.33432744937973,6.5195104794265e-47,1.33845550142626e-42
"CD79B",NA,4.17079446613081,4.17595279040103,3.98432927510917,1.35319169345201e-46,1.38905127332849e-42
"CXCR5",NA,4.38644212651383,4.39549749292404,3.39475168048282,2.14163654106612e-46,1.46559327293625e-42
"PTPRCAP",NA,3.26915034941023,3.27017339447261,5.39873610036815,4.40627375851826e-42,2.2615200065595e-38
"FCRLA",NA,4.50496897711574,4.51406292419101,3.5070903054494,3.11541287014579e-40,1.27918852448186e-36
"ACAP1",NA,2.6624085423731,2.66484274275041,3.5296003698223,1.11065039775745e-39,3.80027544432674e-36
"CD19",NA,4.21668290262796,4.22781757746268,2.93220565398697,2.43544085168454e-38,7.14280009786908e-35
"CORO1A",NA,2.55881251359504,2.5591122420444,6.43097100639126,2.42364886059776e-37,6.21968888850899e-34
"TCL1A",NA,5.4939410552922,5.52251397123041,2.85995858580083,6.05118784499781e-37,1.31072009764211e-33
"SERPINA9",NA,8.57954660001251,8.7612924829895,3.34781971886793,6.38441352967419e-37,1.31072009764211e-33
"VPREB3",NA,4.47985768534112,4.49199744850515,3.07047131123073,3.44204147096846e-35,6.42410103627114e-32
"CCR7",NA,3.1928283074056,3.19564553163601,3.86597528409883,4.19873211251647e-35,7.18333085583026e-32
"SIT1",NA,3.00561384149061,3.01017705947368,2.98677910541509,5.23884595245211e-35,8.27334672337245e-32
"MAP4K1",NA,2.98798076872938,2.99031403577008,3.92684696647842,6.00678820537174e-35,8.80852584687728e-32
"CLEC17A",NA,4.76540754083909,4.80576492068192,1.6575881180187,5.12994539887064e-34,7.02118526925429e-31
"FCER2",NA,4.73883361527774,4.76161776067273,2.4354590275959,1.44506422739298e-33,1.85419803677362e-30
"CD22",NA,3.92174519882593,3.92484234850401,4.46626358817737,1.73249119626002e-33,2.09223789760107e-30
"CD37",NA,2.84392151056478,2.84443046659889,5.96674551950125,1.98557768203391e-33,2.26466165623089e-30
"SEPT1",NA,2.48523908561926,2.48664340879968,4.13139666223125,3.04009539177609e-33,3.28490307332437e-30
"CD79A",NA,3.9712606370918,3.97197352033304,6.62968256061778,3.58897302061962e-33,3.68408080566604e-30
"RASAL3",NA,2.37009491487779,2.37129101580936,4.23877977095431,1.20885504567577e-32,1.18179971846303e-29
"SASH3",NA,2.52538401324068,2.52616800691994,5.01123107173678,3.50547213589616e-32,3.27124286136128e-29
"BLK",NA,4.10395287684294,4.11391597660019,2.97817139725705,8.73004294026323e-32,7.56871885421435e-29
"IL21R",NA,2.69408614887972,2.69756245926467,3.05409370214508,8.84799086707961e-32,7.56871885421435e-29
"PDCD1",NA,2.73788589334341,2.74374646614649,2.35873650875725,1.13775148939994e-31,9.34321523095228e-29
"TLR10",NA,3.68582815784245,3.69481341650689,2.70859248511743,2.15769100642228e-31,1.70374601391728e-28
"MEF2B",NA,3.8418390213382,3.84670957509959,3.73764715776846,4.04163513732454e-31,3.07313960626936e-28
"CD27",NA,3.07312684188556,3.07483384417204,4.46245695115253,4.68715236647246e-31,3.43668707441713e-28
"MS4A1",NA,4.36013813846219,4.36249306335633,5.29959377003273,1.15483126804621e-30,8.1754089424099e-28
"CD6",NA,2.41811519053794,2.41946286722648,4.11885561894484,1.72087209355975e-30,1.17765013602605e-27
"TNFRSF13C",NA,3.63621304618648,3.64927456087878,2.13140309946892,2.08163871641031e-30,1.37858202735173e-27
"P2RY8",NA,2.86057314661385,2.86222360401286,4.29214341246417,5.93617180862017e-30,3.80842522596788e-27
"ZAP70",NA,2.57999567300167,2.5824390694184,3.43805048912227,1.73355411062648e-29,1.07848078458066e-26
"CCL19",NA,3.92118865612784,3.9242179735857,4.49753455675331,5.87641527526042e-29,3.54831781179695e-26
"NCF1",NA,2.54608289252096,2.54771754956306,3.97796090766932,4.4763412653294e-28,2.6256938907775e-25
"FCRL1",NA,4.41173232947986,4.43456193642509,2.11073184596741,1.10688979847396e-27,6.31234654518624e-25
"TNFRSF13B",NA,3.72854579704252,3.74788755269566,1.67414660731289,3.92004968159694e-27,2.17509783684284e-24
"FCRL3",NA,3.46306591362956,3.47217890682236,2.46557497931167,9.58478552948323e-27,5.17830649790239e-24
"FAM129C",NA,4.21050354970613,4.23563893243906,1.77596600324485,1.94894531148834e-26,1.02594480115014e-23
"FAM159A",NA,3.05254280543382,3.0738700220805,0.872750211924631,5.22371227197021e-26,2.68107032358871e-23
"FAIM3",NA,2.76595230112437,2.76709639285998,4.72012698514494,9.35932100874478e-26,4.68650878803732e-23
"LTA",NA,2.63659274102121,2.65228739014575,0.884587056419242,1.20486871135407e-25,5.88951301049979e-23
"LY9",NA,2.89871160424251,2.90306479612897,2.94456005183029,2.09848801015863e-24,1.00190601973388e-21
"LOC606724",NA,2.27229509007675,2.27687272406973,2.22046652473111,2.70073113718943e-24,1.26013659651134e-21
"FCRL2",NA,3.46646039245686,3.48167972075002,1.74748703476382,4.07683996637687e-24,1.85994498910483e-21
"GPR25",NA,3.0029240722875,3.01900998459864,1.21621640535043,4.69569508449361e-24,2.09570913227508e-21
"WAS",NA,2.28126169785332,2.2822479062781,4.42019417867723,5.180608584362e-24,2.26293391993515e-21
"SPN",NA,2.16349301319436,2.16432188869478,4.54112303569875,2.1179541568269e-23,9.05866642492837e-21
"ITGAL",NA,2.3585263066778,2.35904911116574,5.41604655323827,2.31618625582028e-23,9.70434772081437e-21
"WDFY4",NA,2.75020043873405,2.7512482560986,4.83015402963281,6.50016314811606e-23,2.66896698861645e-20
"UBASH3A",NA,2.43206743929813,2.43919978043928,1.76546458746011,1.40100337580473e-22,5.63972535397475e-20
"NCF1C",NA,2.60707927654856,2.61172110619698,2.55298255326206,3.00264668212711e-22,1.18546800738595e-19
"POU2AF1",NA,2.99280505931149,2.99348013950296,5.71401934712799,3.86273384947e-22,1.49626275338904e-19
"LAX1",NA,2.51001058858359,2.51309576212611,3.03170690951757,4.09781596614266e-22,1.55792892194276e-19
"SNX20",NA,2.14968366853497,2.15298552142478,2.55132340184876,4.33251079872011e-22,1.6172081217768e-19
"RGS13",NA,4.08679933207507,4.10134100722868,2.42616012256543,5.64570478615232e-22,2.06205302909328e-19
"CR2",NA,4.08701997244669,4.08876364703285,5.45789747022988,5.72513505398524e-22,2.06205302909328e-19
"MYO1G",NA,2.22591573244535,2.22699860836489,4.22585898654594,9.89948011811247e-22,3.50407460042843e-19
"ARHGAP9",NA,2.12013620278535,2.12126852117116,4.04556928444878,1.33946005975837e-21,4.66086695370159e-19
"C8orf80",NA,2.86793795557702,2.87760884826191,1.78593786670925,1.71011093425997e-21,5.85142958005953e-19
"CD3E",NA,2.26848862522045,2.26909288370032,5.11031558277067,1.79440564582814e-21,5.9527139499788e-19
"TRAF3IP3",NA,2.20349615932247,2.20605145179361,2.97325117666062,1.79770221577538e-21,5.9527139499788e-19
"IRF4",NA,2.65936846335523,2.66090353753201,4.18709991382499,2.15598278558976e-21,7.02576612510442e-19
"STAP1",NA,3.1490236231261,3.16405748465026,1.45257177604711,2.3714648634734e-21,7.60721463236076e-19
"ARHGAP30",NA,1.92011837246157,1.92054902026171,5.20939128070249,9.68235909068544e-21,3.05813587895034e-18
"TLR9",NA,2.87366741995161,2.87786011768638,2.9717982212816,9.99880080774138e-21,3.11023303913531e-18
"CXCL13",NA,3.20694890478614,3.20769220957586,5.79494707744792,1.07338050429015e-20,3.28903011239953e-18
"NCF1B",NA,2.72176094637378,2.73054013144712,1.77314032386716,1.24514018288379e-20,3.7592246992065e-18
"LIMD2",NA,2.1661938188094,2.16673657794427,5.15267781418793,1.88334798276112e-20,5.60364262117185e-18
"EBI3",NA,2.38887826103354,2.39448751048608,2.05736139541913,1.9187594883787e-20,5.62744747091639e-18
"RHOH",NA,2.31787002833425,2.31973442791616,3.54709485226519,2.91058260146419e-20,8.41609307155773e-18
"SLAMF6",NA,2.36138429307697,2.36306500846246,3.74180647181471,6.4454590413897e-20,1.8378510294407e-17
"PVRIG",NA,2.05789724299004,2.06006607691227,3.04719267428395,7.62650884782492e-20,2.14482502254583e-17
"CD52",NA,2.52611496956016,2.52667178888845,5.50428473988026,8.02394780832853e-20,2.22610335817547e-17
"CD247",NA,2.15307681571389,2.15609142955392,2.68400894015151,1.10239758200777e-19,3.01762964781595e-17
"BTLA",NA,2.69749786963547,2.70979479892733,1.27853945186745,1.14249137673658e-19,3.08622999531606e-17
"KIAA0125",NA,3.08866838604467,3.09522075945073,2.55729315036238,1.21664137506072e-19,3.24385031558397e-17
"NCR3",NA,2.72089351925523,2.7476415234714,0.251715610586358,1.54611115683112e-19,4.06944385253115e-17
"NAPSB",NA,2.50461257394515,2.5079994306776,2.89333609955568,1.6607049803604e-19,4.31573079073406e-17
"CXCR3",NA,2.22902349039594,2.23102605488384,3.34995206239174,2.20743457155226e-19,5.664828969246e-17
"LSP1",NA,1.94687840960777,1.9470606360357,6.47857094187437,3.38663812393584e-19,8.58366428202503e-17
"IKZF1",NA,2.23212756143477,2.23265726858531,5.26008087262853,7.18538044009643e-19,1.79897390774609e-16
"FAM78A",NA,1.88561921114607,1.88669903354246,3.84958153058865,1.14997274487319e-18,2.84445065689718e-16
"KCNA3",NA,2.52157955962862,2.52530782799271,2.77509422137579,1.80884186012725e-18,4.41880607989977e-16
"CPNE5",NA,2.16112360872452,2.16221302793125,4.14622490409407,1.85282708519444e-18,4.41880607989977e-16
"MGC29506",NA,3.02268068794261,3.02348854400018,5.48633246902116,1.86491491442702e-18,4.41880607989977e-16
"LOC100233209",NA,2.2868106804584,2.29305641738449,1.79808620963082,1.87255786142854e-18,4.41880607989977e-16
"ARHGAP25",NA,1.97344557438503,1.97428885164623,4.30430464286534,2.43294205809521e-18,5.67594323326075e-16
"SLA2",NA,2.11090553263421,2.11412762408703,2.54304471489493,2.9116190113593e-18,6.7163526183378e-16
"PPP1R16B",NA,2.14373072125865,2.14430756055497,5.04037491158688,3.04293478568355e-18,6.94127235000926e-16
"LILRA4",NA,2.98621410431725,3.02740712329387,-0.0576549254117713,3.2488393283198e-18,7.3295243308138e-16
"SIRPG",NA,2.32724536435234,2.33074770035492,2.65857244257666,3.86040143187885e-18,8.61456971700791e-16
"IL2RB",NA,2.02980314046624,2.03018161559411,5.51991918736247,4.87327667614461e-18,1.07578892646504e-15
"ASCL1",NA,-5.32125052074323,-5.33314706680019,3.93722805076272,5.99023998002991e-18,1.30829390202143e-15
"IGLL1",NA,7.57221247886108,8.09829521624444,1.01425109564541,1.00270882711074e-17,2.16690654953511e-15
"TMC8",NA,2.02786175150521,2.02843603772857,4.91783544899055,1.02099242055801e-17,2.18343483271416e-15
"LTB",NA,2.45485341606483,2.45587055780613,4.56210726830577,1.04729531640421e-17,2.21659513874005e-15
"TMEM156",NA,2.3700608418262,2.37851286319035,1.46446562808063,1.27842786378825e-17,2.67817592281356e-15
"CCR4",NA,2.42111315763517,2.42760667759561,1.88462572148226,1.34769985960047e-17,2.7947755674341e-15
"SPIB",NA,3.48047744613383,3.48267631478128,4.51361289141086,2.48493623547102e-17,5.10157409142201e-15
"TIGIT",NA,2.24765161749371,2.25125649075279,2.53234206520068,2.64841619246446e-17,5.38336479517776e-15
"TTC24",NA,2.77656171678009,2.87743158543353,-1.2945154171752,3.85178558117635e-17,7.75266254721083e-15
"MYBPH",NA,5.43045963773956,5.71906691196327,-0.257547439543645,4.21231300757403e-17,8.39599864519368e-15
"PNOC",NA,2.76465950688918,2.77751360480339,1.2879503586505,4.35045470110398e-17,8.58796490516008e-15
"IL10RA",NA,2.05424909148275,2.05466579633668,5.40877209887333,5.43462449920292e-17,1.06259848541558e-14
"KIAA0748",NA,2.29201887738444,2.29868112222567,1.7143999453599,6.761287152921e-17,1.30952099291951e-14
"FCRL4",NA,2.97410075279595,3.01761627004778,-0.141008431239719,8.56796200262921e-17,1.64392766274745e-14
"IL16",NA,2.02393714568687,2.02446763343575,5.02731581766703,9.53789300830926e-17,1.81308280982027e-14
"NLRC3",NA,1.98842788273296,1.98967701083545,3.75765962791541,1.01829651798679e-16,1.91794747837329e-14
"FCRL5",NA,2.68341964270458,2.68560328917211,3.70717092315137,1.09375163380614e-16,2.04133827654909e-14
"P2RY10",NA,2.39197023874828,2.39566959422411,2.64948668163572,1.34525133947558e-16,2.48810900895799e-14
"ITK",NA,2.23820700344419,2.23998207256245,3.53110812466705,2.03537985453529e-16,3.73092396550085e-14
"SLAMF1",NA,2.08525104300319,2.08990713485916,1.99395861188728,2.41686239132557e-16,4.35603500078251e-14
"KLHL6",NA,2.19681596489418,2.19774512008505,4.413673478548,2.41884067262156e-16,4.35603500078251e-14
"BTK",NA,2.24509750894162,2.24716215547631,3.32267592376995,4.70469884673394e-16,8.39891020203894e-14
"FUT7",NA,2.27308465903942,2.30218999320503,-0.280481466428605,4.77203670150421e-16,8.44568219671392e-14
"IL12RB1",NA,2.00656387133311,2.0092473123924,2.68806946175757,6.85542199756285e-16,1.20292148384586e-13
"CNR2",NA,3.17700358240909,3.19972388286002,0.908179770422288,1.006516300168e-15,1.75116776630923e-13
"CD5",NA,2.21324285467693,2.21447894449814,4.02212952533945,1.08064813735857e-15,1.85434776926956e-13
"POU2F2",NA,2.26432158016929,2.26503522970654,4.86640859256907,1.08388569075668e-15,1.85434776926956e-13
"CLECL1",NA,2.4146864895027,2.43739975348685,0.168551017867911,1.10685787076853e-15,1.87799934602298e-13
"ADAM6",NA,3.09447046517307,3.09447456470725,13.1792263247662,1.33933345586923e-15,2.25381277450781e-13
"S1PR4",NA,2.15072732983781,2.15377519713617,2.66629062302543,1.42164218115445e-15,2.37287105521146e-13
"ADORA2A",NA,1.97945118603882,1.98138704396975,3.12149466476693,1.55756158975569e-15,2.57876930949067e-13
"HLA-DOB",NA,2.50992213182511,2.51358924748681,2.7858987985944,1.64811759625179e-15,2.70686834008394e-13
"DOK2",NA,1.84982243029059,1.85125865711871,3.40030953884089,1.67449635776078e-15,2.72836589085943e-13
"FLG",NA,-4.42166706147387,-4.4291814468833,3.69813761158994,2.07515631165224e-15,3.35456370694649e-13
"GPR18",NA,2.24735310615828,2.25695740538107,1.16085558077602,2.16414553578687e-15,3.47108655075816e-13
"TBX21",NA,2.14531777087161,2.15634117717159,0.863242189784413,2.39113788228428e-15,3.80543106382141e-13
"LCT",NA,-4.77027007212416,-4.78495531196999,3.08954957534771,2.54626799524778e-15,4.02114476480283e-13
"MEI1",NA,2.31645185096123,2.32002094416496,2.61980075788276,3.4956754408807e-15,5.47833716040311e-13
"TIMD4",NA,3.2215001596256,3.26947550184176,-0.0317360764469443,4.44510021219643e-15,6.91347783002975e-13
"SP140",NA,2.15785471788977,2.15984583985936,3.279432637186,4.88653411330511e-15,7.54289814632736e-13
"LOC96610",NA,2.78690706425392,2.78691336988136,12.2397974256355,7.04906742583848e-15,1.0799802556154e-12
"C5orf20",NA,2.24408829773991,2.25812516216897,0.639437725837829,1.14701937870187e-14,1.74431909961107e-12
"TIFAB",NA,2.31748671913205,2.33766791531001,0.229423454999942,1.72388373964927e-14,2.60230390992643e-12
"FGD2",NA,1.86511122528582,1.86631054825764,3.67569119240377,2.00037713070995e-14,2.99764543747995e-12
"CD8A",NA,2.23125390735521,2.23208538767782,4.61104778905294,2.44831268263802e-14,3.64230865033033e-12
"HCLS1",NA,1.85813372103455,1.8585191104641,5.29757745272128,2.67075632083974e-14,3.94464944365754e-12
"GPSM3",NA,1.81899307248273,1.81953199963634,4.76970289821483,2.75680117080522e-14,4.04265200261651e-12
"LOC442454",NA,-2.69308154489622,-2.71540515342396,0.466498735080205,3.28048399675195e-14,4.75075542732089e-12
"HCST",NA,2.04640357587656,2.04793756035062,3.52914335352522,3.28595845435736e-14,4.75075542732089e-12
"CD180",NA,2.23541622320148,2.23701257144297,3.67998470391109,3.59509298258333e-14,5.16134677849201e-12
"LPXN",NA,1.9062302130774,1.90680691157228,4.77342255048275,4.55252752764962e-14,6.49051320435046e-12
"GPR174",NA,2.31412608773915,2.3326015344605,0.344164801753155,5.54115421108038e-14,7.84551006575726e-12
"SNAI3",NA,1.849288745043,1.85532882665606,1.37217609968599,5.5817952104495e-14,7.84892162126906e-12
"PLA2G2D",NA,2.86999029541928,2.87286366853817,3.50810231643341,5.9081192224325e-14,8.22593944602459e-12
"LY6G6C",NA,-3.53478249048417,-3.54756262633372,2.06244023527966,5.93004889435771e-14,8.22593944602459e-12
"CD72",NA,2.11037213551945,2.113500231439,2.58430624710502,6.62713322746167e-14,9.13121108454953e-12
"FTHL3",NA,-3.05523373752639,-3.06289422143368,2.30284577956484,7.05542039881641e-14,9.65651871918006e-12
"ABI3",NA,1.71056712481692,1.71120114257466,4.40781839747528,7.60121597056177e-14,1.03346333692472e-11
"PIM2",NA,1.89513417830606,1.89537575236471,6.01293645524801,9.64390099575293e-14,1.30256110159742e-11
"PSTPIP1",NA,1.75981175986211,1.7625210155968,2.39193215082234,9.73064456217395e-14,1.30568714288517e-11
"FMNL1",NA,1.73153400399709,1.73182372472285,5.5589531552115,1.07598875934969e-13,1.43441878113305e-11
"LOC100188949",NA,2.07502707579723,2.09234945030507,0.183497472621541,1.27402031401185e-13,1.68746045462344e-11
"GRAP",NA,1.94471848429331,1.94670772566097,3.0437327346399,1.3051026735115e-13,1.71754858251225e-11
"DOK3",NA,1.89445042990277,1.8952146378124,4.35551432772585,1.32432431213985e-13,1.73174382982364e-11
"FAM65B",NA,2.22759746569548,2.22903642896578,3.82012874977943,1.40114710147771e-13,1.82060442995806e-11
"CD48",NA,2.14376674885975,2.14441006903255,4.88366723101941,1.45154335125024e-13,1.87422547177153e-11
"IL9R",NA,2.1274026072438,2.15652953303306,-0.425833256211269,1.92896181645089e-13,2.47509913073355e-11
"SH2D1A",NA,2.13169369004379,2.13569268000918,2.26021465878026,2.15943381092115e-13,2.75361342473362e-11
"TAGAP",NA,1.9974870581385,1.99847606909433,4.10287937171021,2.22515287203775e-13,2.8199005224034e-11
"NKG7",NA,2.18478758214358,2.18581797730811,4.25238917960706,2.63991478201202e-13,3.32499696163846e-11
"PARVG",NA,1.85136893039592,1.8524615608473,3.79295989260492,2.6956204263971e-13,3.37445654597149e-11
"GZMM",NA,2.34371591043548,2.35439997567754,1.11401246409668,3.04484389799383e-13,3.7885239530796e-11
"DERL3",NA,2.4761678852599,2.47668056850002,5.57015525940829,3.63343659438089e-13,4.49364176401444e-11
"GRAP2",NA,1.9725985757196,1.97648271638614,2.12636278425453,3.90986553613574e-13,4.80655924891417e-11
"ANXA2P3",NA,-3.18845617994397,-3.26360864854743,-0.616052489062794,3.95325843265494e-13,4.83097592990512e-11
"LYL1",NA,1.87183037654616,1.873769791237,2.99677551679503,5.64238465892329e-13,6.85432881939025e-11
"RAC2",NA,1.85090122733219,1.85106084893367,6.55867685405656,5.73840913502691e-13,6.92997291424132e-11
"POU3F2",NA,-4.51205182179067,-4.75965958303531,-0.865458389717435,6.04230880274398e-13,7.25430407721251e-11
"P2RX5",NA,2.09714756208603,2.09924303419003,3.14028543893503,6.69944690358354e-13,7.99649098433547e-11
"GVIN1",NA,2.02227772231186,2.02354596572139,3.7741286001566,6.95681897678287e-13,8.25569327129205e-11
"CCL5",NA,2.09136156319638,2.09161386961714,6.17279927380004,7.0046464031781e-13,8.26467762397968e-11
"CSF2RB",NA,1.95955386097287,1.95995343373908,5.3622700736303,8.07707294780114e-13,9.47556043533471e-11
"RHOXF2B",NA,3.91803988792208,4.04102646413843,-0.563470456741931,9.68837764428569e-13,1.13012723316583e-10
"ERBB2",NA,-2.49619512202808,-2.49622744876465,9.57580204029319,9.92188545870404e-13,1.15082660150957e-10
"TNFAIP8L2",NA,1.73147088103728,1.73431969205249,2.2877794075419,1.15937182926655e-12,1.33718559858665e-10
"ZNF683",NA,2.51150459079428,2.51724899947644,2.15364058961487,1.2963451302413e-12,1.48681371641642e-10
"ITGB7",NA,1.84564020011434,1.84641783490078,4.27453486224853,1.31454308523792e-12,1.49930941888525e-10
"RLTPR",NA,2.1945018096256,2.19701372213804,2.98725999633657,1.36259162484352e-12,1.54552519657665e-10
"CD3D",NA,2.01723263680161,2.01867685992071,3.58281910702613,1.38360914027874e-12,1.56074151922651e-10
"SLC38A4",NA,-3.16666718944185,-3.17567878757163,2.1872764206658,1.86447507180242e-12,2.09167613246469e-10
"TTC29",NA,-6.57208291242344,-7.2217292883103,-0.117375794541214,1.95989119324213e-12,2.18676990202505e-10
"HLA-DOA",NA,2.14892485595634,2.14938563188168,5.36936476528742,2.36443625717713e-12,2.62388520864035e-10
"GIMAP1",NA,1.75186797136648,1.7542687719246,2.55498937867321,2.4400611787328e-12,2.69325032254755e-10
"SERPINC1",NA,-3.47710514205286,-3.60566878750155,-0.996674632560923,2.51952205606113e-12,2.76608490967567e-10
"CEACAM21",NA,1.97193475089634,1.98394464245775,0.56507198167884,2.89323017819208e-12,3.15946891267465e-10
"TMIGD2",NA,2.2506107608768,2.27396934974399,-0.0252097136628507,3.05491267747828e-12,3.31837869146185e-10
"VAV1",NA,1.91200408965576,1.91309846535137,3.86050006129496,3.1938342287591e-12,3.45102193244339e-10
"TRAT1",NA,2.23387595977484,2.24027570067537,1.70946420849738,3.34376449252547e-12,3.59410916395539e-10
"PPIAL4C",NA,-3.11041808846942,-3.16967450714948,-0.398570780747631,3.41446185393209e-12,3.65098447193884e-10
"PTGDS",NA,2.29988927175125,2.30018382570286,6.17890936253218,4.43417055791567e-12,4.7167627748191e-10
"GZMK",NA,2.33696506293329,2.33970056061965,3.02045043295887,4.65375180245532e-12,4.92482085074267e-10
"CCR5",NA,1.93308609711765,1.93451158756253,3.50644241817918,5.05882076298565e-12,5.32603026995361e-10
"CALCA",NA,-4.51163444974099,-4.66644572959657,-0.329660352454446,5.24069044289247e-12,5.48935585676441e-10
"DOCK2",NA,1.9744140739017,1.97491156912011,5.06376813440223,5.93065504148941e-12,6.18052527927805e-10
"CCL17",NA,2.17751383217909,2.20273866901976,-0.194202041044924,6.55448815619221e-12,6.79614352760738e-10
"GAPT",NA,2.24343832596178,2.24768325804233,2.2967218004139,7.52609459632478e-12,7.76435789259033e-10
"SPI1",NA,1.74820930398068,1.74853974635022,5.3897197895792,7.81889944378282e-12,8.02610027904307e-10
"FGD3",NA,1.71335079582363,1.71428171368473,3.8598684172772,8.09521962948016e-12,8.26840094493671e-10
"HMHA1",NA,1.63845137525716,1.63870165482107,5.65687052485548,9.53488844588432e-12,9.6906564254458e-10
"TRPM8",NA,-3.07006198129986,-3.16015180963989,-0.932095834305831,1.08471375138684e-11,1.09700361162423e-09
"CD40LG",NA,2.11138044042371,2.11779890693058,1.57333088428617,1.14110327449024e-11,1.14837501104336e-09
"HLA-DQA1",NA,2.12794457041426,2.12806332941379,7.29954413304676,1.54623602400654e-11,1.54849880843191e-09
"BIN2",NA,1.72588958703427,1.72677529280586,3.94642658388835,2.36320497642996e-11,2.35517466825763e-09
"CDC20B",NA,-3.56020969822334,-3.6620887015391,-0.653369550286533,2.97207121784007e-11,2.94766290349065e-09
"CD1D",NA,1.82629053036051,1.83087635321492,1.72780407857151,3.06607216946682e-11,3.02627219419009e-09
"FCRL6",NA,2.23237107930203,2.24476984129515,0.797047558189925,3.17876090034836e-11,3.12248618584459e-09
"KRTAP3-1",NA,-5.60864827204506,-5.7978904163818,0.418637163641211,3.60995382357779e-11,3.52915961895486e-09
"C1QA",NA,1.87564721081367,1.87575147921451,7.20129716399598,3.87043216909138e-11,3.76587547068465e-09
"C17orf87",NA,1.98726945036625,1.99150442919362,2.02086132115786,5.02630366965598e-11,4.86745350651119e-09
"C4orf7",NA,3.33197810839213,3.33372983388977,4.68914577540532,5.36432665768862e-11,5.17040498978157e-09
"TREML1",NA,2.18417550242335,2.27538866035604,-1.6558309950899,5.4301188726571e-11,5.1960303911029e-09
"CD3G",NA,1.96023679136643,1.96321897848656,2.48573450131935,5.44153207056563e-11,5.1960303911029e-09
"C3orf43",NA,-4.02826949568546,-4.40036989703071,-1.6446677369425,5.67040452404698e-11,5.38950948512428e-09
"CXCR6",NA,1.89533275788886,1.89669231299639,3.53115414566773,5.98019731667555e-11,5.65776271480871e-09
"CLDN10",NA,-3.46169483586334,-3.47918204747406,1.55324494295546,6.28302687273971e-11,5.91699732556634e-09
"ICAM3",NA,1.74033404295434,1.7407737776742,4.96933997933279,7.66388933728743e-11,7.18445881710095e-09
"LTF",NA,3.10387460166515,3.10405720952266,7.71247735729231,7.87516296822673e-11,7.34895889716795e-09
"PTPRC",NA,1.93969903869732,1.93986256584407,6.62639188118996,8.01248694450659e-11,7.44327407107331e-09
"SUSD3",NA,1.79451382728736,1.79678625608398,2.68261293266637,8.17307156330352e-11,7.55825041417213e-09
"RIMS2",NA,-3.0603346863758,-3.08682488027175,0.594168158129887,9.18167782742032e-11,8.45290788327082e-09
"TRAF1",NA,1.59833507343556,1.59890617220902,4.420586538435,1.03193813690407e-10,9.45789729939309e-09
"NACAP1",NA,-2.50051618790671,-2.53473209166759,-0.272321139030462,1.05904606958521e-10,9.66320702603746e-09
"ITGB2",NA,1.8597448148052,1.85990995199709,6.52003829634747,1.06721872146615e-10,9.6946904211062e-09
"PYHIN1",NA,2.08515556081782,2.08979285738779,2.00100847597003,1.1608163343006e-10,1.04984842921547e-08
"SELL",NA,2.03743818261235,2.03803469592029,4.87396673766062,1.44497789265551e-10,1.30111386562358e-08
"XCR1",NA,2.37755807949201,2.39966778038305,0.173006607016153,1.65526791716554e-10,1.48395853010518e-08
"GRAPL",NA,2.25480813801798,2.29421528275416,-0.677961102476615,1.72164012751755e-10,1.53675094860588e-08
"CA6",NA,-4.84916592681162,-5.43185264920973,-1.43942153051847,1.75923382622908e-10,1.56350954339753e-08
"CTSW",NA,2.08898759156809,2.09117456146443,3.07054574493781,1.76845999643339e-10,1.56493464339559e-08
"PIK3CD",NA,1.63571434853607,1.63614601505774,4.86928985520896,1.79976165243402e-10,1.58579857186569e-08
"ZBTB32",NA,1.831549924354,1.84796873419339,0.00301416327870746,2.05353924734936e-10,1.80167353624283e-08
"MATK",NA,1.88422269441844,1.89041140594798,1.37632909244447,2.0897077504791e-10,1.82560426031217e-08
"C16orf54",NA,2.03076327559353,2.0330863192686,2.92002991780167,2.25771405203026e-10,1.964019893567e-08
"EOMES",NA,2.06199561025737,2.06588421901919,2.22252294689353,2.3773562641784e-10,2.05937232504567e-08
"AICDA",NA,2.76259944544891,2.81746511015193,-0.625116680615119,2.60427002297946e-10,2.24645645259531e-08
"LCN1",NA,5.8801812399253,6.38690006491187,-0.482634693047293,2.70360005655822e-10,2.32238113644938e-08
"HLA-DPB1",NA,1.81705697338841,1.81712342580936,7.78243740876109,2.83906015606203e-10,2.42857937516473e-08
"LOC283663",NA,2.16858199956988,2.17222784503805,2.43103678138098,2.94756226732363e-10,2.51093167419727e-08
"MIXL1",NA,2.40831729034831,2.46341729750064,-0.941269427441786,3.08192090674005e-10,2.61453868658567e-08
"CRTAM",NA,2.14540062695462,2.15657051495071,0.847711329267535,4.13811475728868e-10,3.49611094514965e-08
"HVCN1",NA,1.76229583659942,1.76343575496603,3.6282958042953,4.56090977240067e-10,3.83751957489286e-08
"CYTH4",NA,1.70800451999838,1.70872855676718,4.21422605350917,4.62284883614272e-10,3.87375863698e-08
"SIGLEC10",NA,1.97269529859398,1.97354749853246,4.28853576949829,4.89679240336231e-10,4.08663203418814e-08
"CECR1",NA,1.75391286261077,1.75406157910249,6.5463784534952,5.47171773899429e-10,4.54795000735031e-08
"AFP",NA,-6.75176718294804,-6.76011455560041,5.8710134182631,5.66806243536397e-10,4.6921500725009e-08
"FCAMR",NA,2.55306455516213,2.56019014440228,1.8937165708596,5.75167033522995e-10,4.74224064185827e-08
"FOXP3",NA,1.84542215438784,1.84732222108693,2.99537188580773,5.93449157057607e-10,4.87216127693368e-08
"HLA-DQB2",NA,2.20719872206471,2.20969543182351,3.0113003840716,5.95670959819948e-10,4.87216127693368e-08
"DTX1",NA,1.90204733317741,1.90323918514837,3.72713550946427,6.17181814053656e-10,5.02807247719109e-08
"SEZ6",NA,-2.86306195570329,-2.89121472149497,0.324679509412938,6.79192186857533e-10,5.51138956370955e-08
"BPIL1",NA,-6.39754718315072,-6.42193704539701,3.98457812590147,8.65483665346012e-10,6.99542505887938e-08
"KIAA1239",NA,-2.45114126903272,-2.47086497944423,0.395930605739193,9.19212480359745e-10,7.40056165560219e-08
"GRB7",NA,-2.36934798871223,-2.3695310374541,6.9395457697973,1.1252581316521e-09,9.02404275110066e-08
"CD96",NA,1.81314201470203,1.814041404242,4.02740886421247,1.21025817453298e-09,9.66793786893466e-08
"TMEM149",NA,1.57131312704437,1.57225097047798,3.67630907376891,1.29250986559037e-09,1.02849719149497e-07
"RBP5",NA,1.93835949164271,1.9434240567725,1.71460449052131,1.39179427275131e-09,1.1032253443855e-07
"GPR123",NA,-3.35658323849977,-3.4114034166662,-0.0741064175447029,1.45666339966777e-09,1.15020383058382e-07
"MYBPC2",NA,3.1722289887797,3.19639569375637,0.823385504907029,1.65267898225918e-09,1.29998082397628e-07
"CDH4",NA,-2.5465325748112,-2.61343836819766,-1.03365651919196,1.68277976732406e-09,1.31860567263981e-07
"GIMAP5",NA,1.62853158320191,1.6292464234928,4.13615785672605,1.74734362405528e-09,1.36399104950019e-07
"PLAC4",NA,-2.35124363876532,-2.35379623157681,3.13455224665615,1.76244203505232e-09,1.37056571892516e-07
"TNFRSF17",NA,2.43096609303403,2.43542653147501,2.42625268052513,2.00364081999547e-09,1.55225456733989e-07
"MYO1F",NA,1.61549193304273,1.61597265714218,4.68976639931584,2.1264294975402e-09,1.64118787911655e-07
"JAK3",NA,1.70368791450635,1.70404712194465,5.21596154525727,2.2226311856711e-09,1.70901191916958e-07
"C1orf200",NA,2.07742406714847,2.13858670869997,-1.34988572286054,2.26193402106185e-09,1.73274274076119e-07
"MFNG",NA,1.63585742825748,1.63668679501421,3.93174591156397,2.60996771056935e-09,1.99191959472077e-07
"C2orf85",NA,2.19857099701811,2.29678053625815,-1.72189230156259,2.83170327025524e-09,2.15314326438297e-07
"AKNA",NA,1.51553935991555,1.51566587282164,6.48589577087635,2.8866004648355e-09,2.18678625620195e-07
"SLA",NA,1.77105378027615,1.77159390768848,4.7100953217319,3.03349957575944e-09,2.28962302538019e-07
"KLK14",NA,-2.652638403438,-2.71511612802388,-0.868849474390094,3.4476720412414e-09,2.59269989035479e-07
"CIITA",NA,1.83131727393026,1.83162234160423,5.60287336238951,3.46884975101676e-09,2.59910530614504e-07
"PAX5",NA,2.58863288931587,2.59179870759321,3.07829704381704,3.75323129435166e-09,2.80195776265598e-07
"PARP15",NA,2.08173767194938,2.08602180598729,2.10808748681579,3.90393120369171e-09,2.90390244970256e-07
"PTCRA",NA,1.9370539732385,2.01774149426861,-1.73737562995268,3.98228377888278e-09,2.95149046860879e-07
"ALB",NA,-4.87705222533211,-4.87756078106814,8.02601962278013,4.3199429426664e-09,3.19023124506983e-07
"BFSP2",NA,2.26466969905556,2.33735078449834,-1.3653473513557,4.37710821472376e-09,3.22086134940067e-07
"LOC100130331",NA,-2.5794091336636,-2.61780164253843,-0.341465131538897,4.75051064906928e-09,3.48314227233544e-07
"KRT23",NA,-3.04190725174305,-3.04276611924421,5.41789573235267,4.93887581237086e-09,3.60836727501686e-07
"LOC643387",NA,-2.54990338966917,-2.68993122659722,-1.7918356732024,5.36378471443934e-09,3.90491135416453e-07
"SLAMF7",NA,1.96869173143967,1.96904799719769,5.53786763732505,5.55444348638545e-09,4.02942490372768e-07
"NCR1",NA,2.06276031000582,2.11933809287351,-1.26811915742582,6.15291875645549e-09,4.44786697429688e-07
"IL12B",NA,2.0327376047906,2.12394992504986,-1.76801446631726,6.98364041433183e-09,5.0306714984643e-07
"GPR55",NA,1.8957017205969,1.91183503538072,0.0922210414142128,7.12978047724862e-09,5.11798577615085e-07
"ICAM4",NA,2.2751890138077,2.28397744925868,1.31263179960316,7.49784082952389e-09,5.3634380567988e-07
"CPB2",NA,-3.18274596048313,-3.35100737850618,-1.50962108587594,7.59340878502043e-09,5.41294035959963e-07
"COL20A1",NA,-4.24052917123269,-4.51229047206692,-1.18602193042231,7.72915954104276e-09,5.49064516877536e-07
"CD4",NA,1.62183366993417,1.62200049869052,6.22068134561675,8.23177935103493e-09,5.82753207161197e-07
"CD2",NA,1.76296283390853,1.76351159255232,4.67771761839268,1.10956251228048e-08,7.82794445949079e-07
"PNLIPRP3",NA,-4.80360315811921,-5.16984056509179,-1.05067775114139,1.1157739423552e-08,7.84480788923021e-07
"PRF1",NA,1.76879243624419,1.76980787175134,3.80199777376692,1.14831472403442e-08,8.04604139400227e-07
"ZNF80",NA,2.04292711821219,2.07648002124432,-0.684618840853534,1.16447728635305e-08,8.13153696898915e-07
"C17orf37",NA,-2.09399483307512,-2.09411192706123,7.28215011107737,1.16851736439189e-08,8.13208864100526e-07
"KRTAP3-2",NA,-5.98834235498462,-6.45096699537894,-0.298378641637303,1.19481003773666e-08,8.2869763765992e-07
"TNFRSF4",NA,1.63008520767335,1.6322382626122,2.56304161002336,1.3941872266788e-08,9.63726052650359e-07
"DSG4",NA,-2.97508734479949,-3.01562757530886,-0.0358465500903581,1.46073545629183e-08,1.00633888985474e-06
"DSC1",NA,-3.05028631732346,-3.13037663584293,-0.817317614575102,1.46791063862888e-08,1.00789984652344e-06
"LOC146336",NA,-2.84547759785305,-2.85554307174183,1.7089489800923,1.55594463449833e-08,1.06478477820835e-06
"HSPB1P1",NA,-2.30372195738431,-2.32724855186346,0.020733403383832,1.59163676458603e-08,1.08559145438376e-06
"MADCAM1",NA,2.38621927388163,2.39061270283524,2.40011133229866,1.91835557503306e-08,1.30410066077579e-06
"HLA-DQB1",NA,1.90777497751687,1.90786917636219,7.38485533644704,2.18995866706199e-08,1.48013918063162e-06
"LOC415056",NA,-3.87281825758199,-4.57394332139719,-2.22635476617748,2.19173069124214e-08,1.48013918063162e-06
"LAG3",NA,1.86893741309987,1.87016691141078,3.64484849206958,2.49101770860074e-08,1.67674077237945e-06
"VSIG8",NA,-2.9225927755194,-2.95625992194938,0.146576380654502,2.59119580899064e-08,1.73847222086856e-06
"FMR1NB",NA,-4.49005530793686,-5.64736157646957,-2.15726454935023,3.06406040479031e-08,2.04902801662362e-06
"CCL16",NA,-3.19770744254793,-3.25119966541874,-0.190508532546782,3.71775363535751e-08,2.47810006928213e-06
"HPR",NA,-2.91358228880436,-3.00025482557841,-1.01641577364507,3.75214304720719e-08,2.49292869770756e-06
"FXYD4",NA,-3.02760305581556,-3.04139289445649,1.45403696798568,3.80786459522531e-08,2.52178903677341e-06
"CYTIP",NA,1.73791073520836,1.738455631956,4.65811090834013,4.0533096510211e-08,2.67570569567406e-06
"ARHGDIB",NA,1.5557276548419,1.55581035579387,7.14960655395455,4.40171990840976e-08,2.89638813204014e-06
"CD74",NA,1.6691442755658,1.669147695942,11.8849424527534,4.78178845216405e-08,3.13642546079642e-06
"EEF1A1P9",NA,-2.18308861245336,-2.18365005963922,5.1227636524633,5.33413552682976e-08,3.48757332375207e-06
"PDILT",NA,3.71929767932364,3.80117686716804,-0.257787900498007,5.42846271758773e-08,3.53797903466908e-06
"PRB4",NA,3.51927455007162,4.20127591128311,-2.38524888412635,5.7949432481635e-08,3.76487926850622e-06
"IL4I1",NA,1.64882669306372,1.64961111539209,4.02744449954545,5.90588111942264e-08,3.82484982276804e-06
"MUC12",NA,-2.56890052987927,-2.57050703032167,4.02696434660304,6.32517505143077e-08,4.08351710081364e-06
"NCKAP1L",NA,1.73064873588248,1.7310521852866,5.0815057058116,6.72024597799153e-08,4.32497335198013e-06
"RTL1",NA,3.36627602347901,3.39049642878559,1.01289546507789,6.90031112516484e-08,4.42698085623857e-06
"DPEP3",NA,2.43183564053492,2.53877512962515,-1.61709692043581,6.99648934914197e-08,4.47470175507429e-06
"CXCR4",NA,1.70422990057754,1.7043513588586,6.77859670710251,7.63537452651475e-08,4.84619234797325e-06
"GNGT2",NA,1.57849485961312,1.58548406636221,0.85957821840267,7.64771263988229e-08,4.84619234797325e-06
"NTSR1",NA,-2.52651310959272,-2.53039547286656,2.72266632517424,7.64815548340639e-08,4.84619234797325e-06
"RHAG",NA,-3.3437262692147,-3.72932003334824,-2.11449235991872,8.01273665051848e-08,5.06158410569675e-06
"BANK1",NA,1.95587205473146,1.95692405527343,3.96735248536612,8.35725420893714e-08,5.26301929170183e-06
"ZBP1",NA,1.76338910975314,1.76545158573546,2.78368415571546,8.55356137202358e-08,5.37017171154875e-06
"JAKMIP1",NA,1.8421764520729,1.85393227833806,0.456173556628603,8.64830395631295e-08,5.41310000680198e-06
"PLD4",NA,2.09927594947387,2.10153013672442,3.03775437398519,9.90192280273679e-08,6.17892021702694e-06
"SPIC",NA,2.53301710378521,2.64039008324576,-1.55944282277674,9.94979394029032e-08,6.18997786648971e-06
"GPR31",NA,1.98253088632865,2.18340749308665,-2.42705502625657,1.00988375786532e-07,6.26372010543049e-06
"ACSM2B",NA,-4.09429395195779,-4.27128272505968,-0.844305644604389,1.09104439371681e-07,6.74672933825488e-06
"HAO1",NA,4.32129810427239,4.82264756773535,-1.69116680943797,1.14896307713315e-07,7.08354713920229e-06
"DNAH11",NA,-2.22730679124869,-2.26193323581826,-0.544221779429889,1.180519730413e-07,7.25630840280805e-06
"EPHA8",NA,-2.86377490638984,-2.9499094295485,-1.05112515953173,1.21794670787803e-07,7.46401370529432e-06
"MMP20",NA,-3.640462603601,-3.80274040523178,-1.11427413605246,1.22843055760766e-07,7.48711914494901e-06
"FLT3",NA,1.94826944933574,1.96378151589719,0.200186199169883,1.22901078998919e-07,7.48711914494901e-06
"LIPK",NA,-4.00692230425674,-5.49377609318991,-2.52624547541787,1.27060544016219e-07,7.7176123332928e-06
"LAT2",NA,1.55540394714795,1.55641381689046,3.55104611362452,1.65600828689172e-07,1.00288643450994e-05
"EVI2B",NA,1.70572324199728,1.70594908761497,5.8867194457572,1.70427655935212e-07,1.02908228716173e-05
"KEL",NA,2.3380886030276,2.36135469226153,0.0706243363424667,1.72588427488562e-07,1.03907343587689e-05
"KRT27",NA,-3.69215781574202,-3.82552622567098,-0.850049690411849,1.77295970941305e-07,1.06429423491959e-05
"NCF4",NA,1.61114789526963,1.61206790110993,3.75321741373039,1.83497500209949e-07,1.09831011058608e-05
"RAB33A",NA,1.60156802621129,1.61273814700101,0.251666121867952,2.07566580042749e-07,1.23876217682489e-05
"CD28",NA,1.73545208528926,1.73777229295033,2.58334182774006,2.20618345749733e-07,1.3128390255774e-05
"C1QC",NA,1.69137205944052,1.69143717006282,7.66199537876724,2.22373574957229e-07,1.31888907177917e-05
"FGF19",NA,-3.02518907896803,-3.04113250989262,1.25150229599749,2.22919877207683e-07,1.31888907177917e-05
"TRIML2",NA,-3.37817111907069,-3.60153018289032,-1.63554217816895,2.35758233173759e-07,1.39083808248772e-05
"RPL19P12",NA,-1.949186862681,-1.9537166973668,1.88438307982924,2.47295517419056e-07,1.45472119559118e-05
"LHX3",NA,-2.89538932713441,-3.2859565580645,-2.36677356518064,2.48272755905118e-07,1.45629705106631e-05
"ZBBX",NA,-3.46769314914104,-4.3139184149382,-2.51324611022598,2.59703869129265e-07,1.51900867043414e-05
"CSH2",NA,-5.52316603165051,-7.17106942262172,-1.72012031595211,2.70728023384471e-07,1.57899043184182e-05
"ZNF365",NA,-2.36538055336798,-2.37087916630514,2.0614005399494,2.83973633747158e-07,1.65155203989494e-05
"WBP11P1",NA,-2.19762611688578,-2.25234954206187,-1.10937571293804,2.98019563470437e-07,1.7283450954938e-05
"CHIT1",NA,2.56660150795547,2.56900961596864,3.44530388577432,2.99078525182179e-07,1.7296005977437e-05
"SLFN12L",NA,1.66686398590926,1.67263314482183,1.22384467321755,3.07290374654271e-07,1.77209870552028e-05
"GPR15",NA,2.29969312602211,2.31618636228341,0.481994529466124,3.13172575710551e-07,1.80096161886208e-05
"CRYGC",NA,-3.40473762890771,-5.0054248149968,-2.77917782542358,3.79355345931141e-07,2.17257681312481e-05
"RCSD1",NA,1.59692435432614,1.59748480524505,4.44632260360696,3.79909924944864e-07,2.17257681312481e-05
"GPR132",NA,1.5510003256364,1.55239592053577,3.08247394318792,3.93462531581397e-07,2.24382938149058e-05
"TNFSF8",NA,1.76781543165665,1.7722616064226,1.70484733984212,4.16474531659099e-07,2.36848258586186e-05
"PTPN7",NA,1.72096060951272,1.72159820978598,4.41229957950094,4.28007764985641e-07,2.42734790473901e-05
"FLJ46111",NA,-2.20232752489301,-2.33024037559559,-1.95316052553346,4.33059274162342e-07,2.44923055056553e-05
"HLA-DPA1",NA,1.70566057950494,1.70569164493015,8.74647169207291,4.44527897342188e-07,2.50718619022943e-05
"KRTAP1-5",NA,-2.73164560365487,-3.149431925153,-2.48671458738528,4.64777256296357e-07,2.61421289637376e-05
"SERPIND1",NA,-2.49379716875922,-2.5024220780926,1.5654363224908,4.69590133360275e-07,2.63406705953182e-05
"LINGO3",NA,2.13421307117521,2.15176885427789,0.228548895878252,4.78594110760752e-07,2.67725806373794e-05
"LOC647288",NA,-2.13857126644848,-2.2175399913113,-1.54997657476145,5.11596707575121e-07,2.8540979365536e-05
"BPIL2",NA,-4.29581727774938,-5.12205847196227,-2.09644503053322,5.75535769185427e-07,3.20210009251404e-05
"APOBEC3G",NA,1.56193592106439,1.56257057290974,4.22403183163854,5.90692793574923e-07,3.27754677083599e-05
"SOCS1",NA,1.60359235248124,1.60423751242312,4.25251575416841,6.08421616559879e-07,3.36681827169119e-05
"CXorf21",NA,1.60820084123452,1.61239931599271,1.59700130830497,6.89173965393658e-07,3.80342513697091e-05
"PVALB",NA,2.33368662073007,2.43209439569463,-1.61236318771753,6.9918188621371e-07,3.84831209757841e-05
"CD1C",NA,1.87384266611217,1.87818258659049,1.85940992083072,7.4272128997186e-07,4.07702355163698e-05
"KLRB1",NA,1.78890408836185,1.79134759587817,2.57258244068717,7.82713680938669e-07,4.2850964985789e-05
"UGT2A1",NA,-2.61596141287002,-2.89825547718163,-2.30603661459099,8.09414961908718e-07,4.41949179999627e-05
"ACSM2A",NA,-2.79706217226193,-2.96936774306244,-1.80895215225995,8.2216105876243e-07,4.47717945262406e-05
"SELPLG",NA,1.51826814754661,1.51859754700704,5.11131760470522,8.6532258476454e-07,4.69975467333757e-05
"FYB",NA,1.5624254426619,1.56264510735748,5.75045604784177,8.82675809355258e-07,4.78135471400091e-05
"THEMIS",NA,1.76454566218213,1.76731864506864,2.36557482284272,9.28811410551323e-07,5.01802585753123e-05
"KLRK1",NA,1.75239795801917,1.75514472861153,2.36495300433164,9.85566418173765e-07,5.3106767887421e-05
"PIK3R5",NA,1.57061872197323,1.571534110306,3.70990994682639,9.93705924783733e-07,5.34051901460996e-05
"LOC121838",NA,-2.88471976482408,-3.0732883137859,-1.82255920671045,1.00651371140736e-06,5.39522884991989e-05
"ARHGAP15",NA,1.60274250338702,1.60421072019002,3.07477171106861,1.04363397279738e-06,5.57963683894013e-05
"ANGPTL6",NA,1.87935384624827,1.89046567561734,0.573873088956025,1.0923574310498e-06,5.82496053492272e-05
"C13orf38",NA,-2.37401201000737,-2.42707203390188,-0.921938823518982,1.10976336871418e-06,5.90244610354977e-05
"TNFRSF8",NA,1.68495141427457,1.6905755576395,1.28070452535402,1.1647436429492e-06,6.17885968727315e-05
"HLA-DRB1",NA,1.66143037556248,1.66148109436287,7.98578262734683,1.37458180468349e-06,7.26669593525706e-05
"CXADRP3",NA,-2.22476849913314,-2.42439103898995,-2.28676761090241,1.37688490931076e-06,7.26669593525706e-05
"SNORA16A",NA,2.99214165668007,3.63701913340414,-2.59504999608964,1.6464383120304e-06,8.66702013999594e-05
"FLJ43860",NA,-3.20022554832956,-3.45288608921223,-1.87353778880607,1.6848301818489e-06,8.84643571185627e-05
"MYBPHL",NA,-2.66959680913104,-2.72839374353307,-0.773949148799626,1.74045567172107e-06,9.11519258684529e-05
"RPTN",NA,-3.74709888962648,-3.79779180628227,0.381609301090111,1.75657656397376e-06,9.17621294106394e-05
"FAM26F",NA,1.68030213581948,1.68201238479195,2.95191263428109,1.78313779210093e-06,9.29132458675943e-05
"TM4SF4",NA,-2.43159487766794,-2.43209160797149,5.56815956830728,1.79962089558163e-06,9.35347265475719e-05
"LCP1",NA,1.59647992091526,1.59654149133864,7.62608900752211,1.81117910139885e-06,9.38977448275718e-05
"MSLNL",NA,-2.61142909246688,-2.73827783499519,-1.6480409771083,2.05149903000083e-06,0.000106088854120698
"FCRLB",NA,1.88099396145811,1.88887438276838,1.03844846599823,2.07884669302262e-06,0.000107232971376267
"SLIT1",NA,-2.12082612350295,-2.13139648921943,0.897758380098873,2.14183785854091e-06,0.00011020534144322
"RFX4",NA,-2.50652712810326,-2.62566376824114,-1.67030471250792,2.15109732914163e-06,0.000110405070418194
"SH3GL3",NA,-2.86853667797612,-2.97422178896882,-1.27793860319712,2.22881441785628e-06,0.00011410862842541
"GZMH",NA,1.81424780190658,1.81772449017116,2.10462666069689,2.24293754176734e-06,0.000114546039135531
"UGT1A8",NA,-2.83145798809421,-2.87998367457276,-0.401740252678838,2.28699604871754e-06,0.000116506275136901
"FAM113B",NA,1.524458078936,1.52517625715605,3.99933811559089,2.3500546669982e-06,0.000119422332459091
"CFP",NA,1.66759583671068,1.67119243298294,1.88505446891187,2.40600038493401e-06,0.000121963426920235
"CALCB",NA,-2.80064879075198,-3.0200998287486,-1.99204497396185,2.45604831500745e-06,0.000124193773170204
"TNNT2",NA,-2.11986644567198,-2.15911354968025,-0.788436509736,2.48048192106924e-06,0.000125121115084893
"CD274",NA,1.99967617565149,2.00217017049786,2.78479286962977,2.51032194677263e-06,0.000126315954821672
"ARG1",NA,-2.23128239156088,-2.34164120777768,-1.80611048908294,2.59349331373673e-06,0.00013018195044258
"AKAP4",NA,-2.65279208095813,-2.82624727141076,-1.91251028051727,2.66883765932999e-06,0.000133637163770841
"LRRC33",NA,1.4607075150487,1.46198914686006,3.08967541933296,2.67850923207504e-06,0.000133795120521899
"CER1",NA,-3.47294056585823,-3.86585730583937,-2.04905748493095,2.68786197901436e-06,0.000133936423371759
"KCNQ2",NA,-2.51268164463897,-2.54742543619902,-0.275760384745764,2.71878267733988e-06,0.000135149172798518
"HSP90B3P",NA,-1.98240623256969,-2.01906318562379,-0.840576028012209,2.91500341045818e-06,0.000144553188446151
"PRAM1",NA,1.54988376405253,1.5545191057515,1.38856718787768,3.29297517516853e-06,0.00016290308517159
"OPRL1",NA,1.68400698633953,1.68983744807587,1.22947527121033,3.6200031110398e-06,0.000178650634302036
"KNDC1",NA,-2.19400926330343,-2.20306593581263,1.18710371661471,3.95449260913441e-06,0.000194690007831006
"ATP4A",NA,3.73786313632874,3.73856036083761,6.4263094329594,3.97275516725318e-06,0.000195121204745712
"C9orf171",NA,-2.23357379238712,-2.41207140256708,-2.19316287652256,4.19659734697655e-06,0.000205623254256393
"LY86",NA,1.63703097169847,1.63858534059068,3.03552745658933,4.61116050827206e-06,0.000225397917225775
"SYT4",NA,-2.70307747826159,-2.71665949061162,1.1499903873751,5.0927037649989e-06,0.000248292912992142
"FLJ40330",NA,1.8766741516925,1.87931517893249,2.56338141470033,5.10373157733483e-06,0.000248292912992142
"CCDC67",NA,-2.35933452997831,-2.49397951649738,-1.88979228368188,5.17552286816522e-06,0.000251190270646411
"ARRDC5",NA,1.74812591633407,1.76807791400906,-0.339915632493404,5.55808548018318e-06,0.000269121450255096
"FLG2",NA,-2.65892553851016,-2.76968235909439,-1.48877487194302,5.70063834180311e-06,0.000275374365075807
"HAL",NA,-2.12431526288772,-2.13805229708603,0.54552985165653,5.91297395156212e-06,0.000284960927759555
"DOCK8",NA,1.47660313829962,1.47682846603928,5.60434783365126,6.03403297675259e-06,0.000290114044526301
"C1QB",NA,1.63166304902672,1.63171086030935,8.03439672464978,6.1191266757182e-06,0.000293517922085268
"DMP1",NA,-2.25926917588372,-2.32435000384124,-1.24481812300152,6.28834202713243e-06,0.000300931612627107
"FASLG",NA,1.7070490225349,1.71454199454815,0.915245809747559,6.45285189113754e-06,0.000308086161221055
"FAM46C",NA,1.60115829678281,1.60139588150534,5.68591023991319,6.55994801514672e-06,0.000312472697798056
"GCET2",NA,1.64554171562567,1.6484612686932,2.15214611224703,6.72648760706308e-06,0.000319663867067141
"CD8B",NA,1.71266109816104,1.71488468402052,2.61680074137694,6.84539546547143e-06,0.000324563438582283
"PGAP3",NA,-1.79677349988985,-1.79694419576987,6.39862081997246,7.16983237557481e-06,0.000339162807996661
"ICOS",NA,1.65829999765034,1.66179537997972,1.91354535141751,7.29917946441819e-06,0.000344487711274725
"KCNK12",NA,1.71065417123619,1.72198437680851,0.362722008676497,7.34009118668153e-06,0.000345624018492137
"RLBP1",NA,-2.32423471502138,-2.4512035643334,-1.85954103742306,7.36180840472499e-06,0.000345853378830673
"DNAI1",NA,-2.47669342813474,-2.72423704210777,-2.29060160987136,7.7155289566345e-06,0.000361643400638599
"KRT1",NA,-2.8151318177822,-2.82459345118862,1.76266082903467,8.02017307833919e-06,0.000375066408424382
"CHST2",NA,1.49829673219472,1.49883230542035,4.3870718143625,8.10993663854935e-06,0.000378402270885041
"TFDP3",NA,-2.99813587844717,-3.86842014530834,-2.71359312814308,8.7444138139712e-06,0.000407081214514351
"SNORD15B",NA,2.45091329564098,2.48285229603535,-0.230682500447445,8.8262327671602e-06,0.000409960540067418
"LOC647309",NA,-2.68333992929791,-2.87229605321864,-1.95292790882912,8.87738989201001e-06,0.000411022867631033
"PLG",NA,-2.69712853736454,-4.31455139235921,-2.97670842531965,8.88914531067602e-06,0.000411022867631033
"CALHM1",NA,2.36346744170141,2.41877695537326,-0.98700470161126,8.91614976101402e-06,0.000411345066502512
"TNFRSF18",NA,1.65334922468532,1.65638416351063,2.10733298042363,9.00056772324702e-06,0.000414308644301034
"CCR2",NA,1.68355290087952,1.68703169143233,1.95059407742924,9.2090892418879e-06,0.000422958841467469
"TEKT1",NA,-2.84750980487807,-3.78405211842628,-2.79275010862549,9.39621826564173e-06,0.000430590091503626
"FIBCD1",NA,-2.39011723045727,-2.39326609586567,2.87696679848297,9.51686812346684e-06,0.000435147667204397
"HRG",NA,-2.47793356922684,-2.84304033592227,-2.53520027017791,9.75013231524937e-06,0.000444822703182377
"CTLA4",NA,1.58888491859567,1.59175303601212,2.10732041379497,9.99839525573026e-06,0.00045513759334843
"SIGLEC8",NA,1.80121697711958,1.80575097308662,1.7167808310733,1.06559615509918e-05,0.000483997545667836
"ATP12A",NA,-3.4797012465072,-3.52002563682041,0.435976909625709,1.07321629570948e-05,0.000486382572867894
"SCARNA3",NA,2.08237533087846,3.10822331316936,-3.03172735779607,1.10066028627147e-05,0.000497721490686197
"IGJ",NA,2.19067385860001,2.19068760268538,10.4792109428642,1.10567182907913e-05,0.000498888849472409
"BACH2",NA,1.70324319445265,1.7050930243974,2.86740834510063,1.1795132160343e-05,0.00053103961239439
"NFAM1",NA,1.50806107181994,1.50889513941921,3.76457451219102,1.20061162187723e-05,0.000539355724226247
"SYNPO2L",NA,-2.23846536588604,-2.25271604687299,0.613909848517257,1.21153433652553e-05,0.000543074234254783
"UMOD",NA,2.75332001613282,2.99972895834299,-2.13672568508889,1.22640343499559e-05,0.000548541667112408
"GIMAP7",NA,1.47012689467188,1.4708244118391,3.97207769415046,1.24279731884001e-05,0.000554665846864898
"RUNDC3A",NA,-2.10329496372322,-2.11123116431994,1.27200303565234,1.24727442044217e-05,0.000555456482682814
"DGKK",NA,4.73049381612714,5.0888062176234,-1.07954067027852,1.26107646727716e-05,0.000560387443142859
"KLHDC7B",NA,1.79453005268441,1.7962172729891,3.10494367783098,1.26405447857727e-05,0.000560497590608884
"CFHR5",NA,-3.39733072049663,-3.76892371360818,-2.05396918604491,1.27332557491328e-05,0.000563391682176071
"CD5L",NA,2.76999502276487,2.96835021853211,-1.94342946017239,1.28956006141794e-05,0.000569347700234631
"SERPINE3",NA,-2.38061966325029,-2.4760305977831,-1.54483831086232,1.32654744784026e-05,0.000583939874756559
"OR8K5",NA,-6.9402502418529,-8.01599803320095,-0.280104108144724,1.32829966639704e-05,0.000583939874756559
"CCL21",NA,1.96215243173207,1.96238154686346,6.16613215795415,1.33163735245608e-05,0.000584156300126567
"HHATL",NA,-3.0094437112042,-3.99189407497263,-2.75534781665594,1.35759724290477e-05,0.000594274443429315
"NCAN",NA,-2.21366691164423,-2.28076809258581,-1.32031708025304,1.37118150536477e-05,0.000598943751173166
"FERMT3",NA,1.54152766506427,1.54180756856252,5.37540121016937,1.47368407162517e-05,0.000642351040137257
"MYH8",NA,3.25350504921692,3.53131844825137,-1.93278526703792,1.53206332598667e-05,0.000666382628866659
"CD38",NA,1.72368870847137,1.72491697288436,3.47615029551509,1.55939468688618e-05,0.000676836636823959
"CAPN14",NA,-2.94684752285634,-2.94848351092637,4.39398874741723,1.62371168809719e-05,0.000703265842966988
"EREG",NA,-2.18529463866748,-2.1865950633256,3.91902193240593,1.71361556639025e-05,0.000740642685852458
"PIK3CG",NA,1.65344644597726,1.65429183223902,3.92590769981244,1.72109153069414e-05,0.000742311116074596
"DNAJC5B",NA,1.71829454598658,1.73183537698273,0.132919002264777,1.82886459137263e-05,0.00078714025284864
"VTN",NA,-2.46730021014967,-2.46782301119466,5.53262673853787,1.84167110924421e-05,0.000790993888551958
"SLC17A8",NA,-2.78257251281929,-2.81732710810279,-0.0281685900205834,1.8812233012303e-05,0.000806294663345681
"CD1E",NA,1.75322878799604,1.76155601772073,0.82080181346826,1.92182384000816e-05,0.000821980071570157
"ALOX15",NA,-2.22556534958674,-2.2342377887674,1.28011881904109,1.94771888202981e-05,0.00083132367251709
"KIF1A",NA,-2.51227690814639,-2.51412060922864,3.77018782565934,2.09036275280071e-05,0.000890355753423208
"ATP6V1B1",NA,-2.02682554023263,-2.03736602718001,0.801448932536202,2.1517035366739e-05,0.000914585374905074
"CNPY1",NA,-2.56475719139616,-2.74676949772404,-2.00606403117088,2.16077379955037e-05,0.000916543101338206
"IL2",NA,1.86184949038933,2.12888760943375,-2.65161806923945,2.1682852719452e-05,0.00091783292026876
"TRPC2",NA,2.20549049403982,2.39974363017087,-2.26972253964803,2.22936730923422e-05,0.00094174713700779
"FER1L5",NA,-2.08190342013318,-2.11930625286578,-0.767551433971793,2.31781812854317e-05,0.000977100742895097
"RNASE7",NA,-3.10579030211501,-3.11392948069561,2.26734363688947,2.34195209488599e-05,0.000985251567787077
"GMFG",NA,1.40093801263875,1.40175013563527,3.66352922950331,2.45188283976949e-05,0.00102938966667623
"GLYATL3",NA,-3.01678352922997,-3.26568199258896,-1.98134674786619,2.50251941992771e-05,0.00104850456512481
"PLCG2",NA,1.6004700796542,1.60078570740733,5.27623863637043,2.55991577601195e-05,0.00106897079967254
"SRRM4",NA,-2.2795753479909,-2.34722587989923,-1.27144076686909,2.561780971451e-05,0.00106897079967254
"KCNN3",NA,1.64761750604916,1.64909696362488,3.11878047164258,2.59159033170123e-05,0.0010792160143981
"SLC17A1",NA,-2.66332338273331,-3.19770985361975,-2.63315664726548,2.66117276227777e-05,0.0011059489232705
"APOBEC3H",NA,1.63096698642136,1.64598824526902,-0.0929574155610161,2.66940726795719e-05,0.0011071299234578
"XKR7",NA,-2.83792939453079,-2.87276739343563,0.0245238306619764,2.69227220705599e-05,0.00111283427301363
"PM20D1",NA,1.89101188161665,1.91879335430909,-0.601610366841223,2.69756994898592e-05,0.00111283427301363
"FAM151A",NA,2.0883383796418,2.10751453282573,0.0685525683226908,2.69942263984796e-05,0.00111283427301363
"IL27RA",NA,1.39253548264841,1.39302007350316,4.39308963969481,2.78291445475825e-05,0.00114495458429232
"SCARNA1",NA,2.81978244952414,3.22861068379686,-2.43492609820736,2.85893052892292e-05,0.00117387687517575
"GPR171",NA,1.57558438428668,1.57832513171646,2.15570662215452,2.8895712879837e-05,0.00118184609325356
"BEST3",NA,-2.26905889491124,-2.30869552883121,-0.669629599764937,2.88985260016215e-05,0.00118184609325356
"TLX3",NA,-3.08866529791627,-3.42093769371404,-2.14957206959349,2.98713828950094e-05,0.0012192037591144
"MAEL",NA,-2.3965810361711,-2.41697198713052,0.299353062026128,3.13945190964459e-05,0.00127882832748023
"GP1BA",NA,1.65181987995488,1.65794053566202,1.12807846111873,3.19792486145161e-05,0.00130006727535845
"SCML4",NA,1.65982632800739,1.66236131713051,2.36816297940354,3.2892756506016e-05,0.00133456184005634
"ESX1",NA,-3.61328492424213,-3.91404804455298,-1.74096939911896,3.39161749747848e-05,0.00137337095114858
"AMICA1",NA,1.46434967456042,1.46525786152742,3.58631540826942,3.45696228204202e-05,0.00139645321537816
"APOE",NA,1.67966879761178,1.67970872567052,8.35299290771659,3.46222448430339e-05,0.00139645321537816
"FLI1",NA,1.38096352524454,1.38142933964889,4.43393223695379,3.50012407253512e-05,0.00140897151390482
"CD69",NA,1.57355331097013,1.57481788928631,3.2516688459726,3.59779825884203e-05,0.00144545593452108
"KRT28",NA,-4.44012458693941,-6.14485588613497,-2.3572579413363,3.73005213545472e-05,0.00149566348322042
"CAMK4",NA,1.53775369264953,1.5441219670646,0.934966828575932,3.78545705674018e-05,0.00151492072855509
"VAX1",NA,-2.66716766068369,-2.88058796465913,-2.06930874856873,3.79481213672604e-05,0.00151570998379349
"CGA",NA,-2.8466621256704,-2.86761099485413,0.703561843584343,3.94805923136201e-05,0.00157385739844392
"DDX53",NA,-2.7483976460253,-2.94611345864082,-1.95059640313714,4.06664796372856e-05,0.00161585655185442
"LILRB1",NA,1.51530260804857,1.51666838571472,3.06899708889886,4.07239095602211e-05,0.00161585655185442
"PLSCR5",NA,-3.03377639546942,-4.09826441256448,-2.78227571257977,4.07702724725079e-05,0.00161585655185442
"KCNU1",NA,-2.24817014200357,-3.1416352508805,-2.96119630183355,4.16988271268673e-05,0.00164939182648227
"MARCH11",NA,-2.37378492649087,-3.06350955458182,-2.84356830405275,4.17770944846945e-05,0.00164939182648227
"SNORA78",NA,2.02991185378661,2.96710941535857,-3.0255238554879,4.21511981458838e-05,0.0016609675584165
"UPK1A",NA,-2.61700937934499,-2.63135525951652,0.987899824984704,4.25771550854967e-05,0.00167453830250047
"STAT4",NA,1.43497448138898,1.4372837937154,2.22048929059514,4.3257078324026e-05,0.00169802642063528
"SNORA84",NA,2.34356659233131,2.61782642284974,-2.42789555325935,4.35963203890827e-05,0.00170807720913715
"CCL22",NA,1.57779028647538,1.57886919814862,3.48400022023899,4.80448129094502e-05,0.00187878096958288
"ITGAD",NA,1.94601825277065,1.98828001123176,-1.04193765034078,4.91483371360052e-05,0.00191828015475701
"DHX40P1",NA,2.62134779234431,2.7979826217993,-1.94299334619263,5.03878328400047e-05,0.0019629263912814
"GIMAP4",NA,1.36761954984841,1.36790681981745,5.11088935004592,5.09744540336983e-05,0.00198201807066634
"AFM",NA,-5.60660909210062,-5.8753747299917,-0.00876876401596127,5.11956350069075e-05,0.00198685517333046
"CXCL9",NA,1.83955389144844,1.83964998927059,7.27692174699266,5.14638505080593e-05,0.00199349594515181
"GNG13",NA,2.42161019903751,2.46449987273271,-0.626305097031905,5.47544735700384e-05,0.00211696674650262
"PROL1",NA,-2.56708814438045,-3.38382376793255,-2.84921593786243,5.74944353589067e-05,0.0022186892975291
"EFCAB1",NA,-1.85824539860986,-1.90317496046463,-1.18389139984316,5.76016266723336e-05,0.0022186892975291
"DLL3",NA,-2.32265051053826,-2.33524106018144,0.867587878376817,5.8744876974061e-05,0.00225848749864695
"CELF3",NA,-2.20282292558255,-2.20993134968904,1.53155774714467,6.04260681751666e-05,0.00231877977502088
"BCL8",NA,-2.08132527144019,-2.11918574599388,-0.782658469724198,6.38696669594781e-05,0.00244635123633971
"SLC17A2",NA,-3.20013962396455,-3.94958640717385,-2.58100094371073,6.44554759971704e-05,0.00246419166149331
"C19orf38",NA,1.53410695331265,1.54222517189419,0.603760168267779,6.46947916644144e-05,0.00246874362987068
"RGS21",NA,3.20909064686199,3.79732584759282,-2.46910732645332,6.98053241733296e-05,0.00265881874819751
"ANKRD55",NA,1.63869318802141,1.68264231842659,-1.36985735414273,7.03640829939995e-05,0.00267513819234594
"CATSPERB",NA,-1.81762480246828,-1.82171750082827,1.87864230075054,7.23349783921701e-05,0.00274172645424803
"GTSF1L",NA,1.68621028985672,1.88301710844278,-2.58754197625919,7.23826467706981e-05,0.00274172645424803
"IL22RA2",NA,1.72721071174257,1.7496397063296,-0.511427429562448,7.44424698349168e-05,0.00281455599578424
"CR1",NA,1.75112214348472,1.75259140987198,3.25261618187048,7.7251143199283e-05,0.00291537862110529
"TMIGD1",NA,-2.56620396174323,-2.8385561697754,-2.29560128957975,8.05493138327616e-05,0.00303427048254421
"CEBPE",NA,1.66202029491113,1.73873711111585,-1.8911362711832,8.0958809023075e-05,0.00304411052975042
"PSKH2",NA,-4.80546615923041,-7.02773982248818,-2.27195151847824,8.13873442076776e-05,0.0030546292076483
"DNAH12",NA,-1.7413814197157,-1.77480352753794,-0.96192739638997,8.22820254524287e-05,0.00308257296083643
"SLAMF8",NA,1.49994758355251,1.5003067995454,4.96340360875298,8.32571068165736e-05,0.00311342149898771
"AIRE",NA,-2.24448284524167,-2.30938806616878,-1.25571263345472,8.56866503324354e-05,0.00319844896604527
"CEACAM6",NA,-1.91214007585156,-1.91216193680157,9.49655069703016,8.58791496516012e-05,0.00319981659228198
"TRDN",NA,-2.31434664978174,-2.48302829936197,-2.09801988170125,8.73288613333117e-05,0.00324793754197987
"SCRT1",NA,-1.92166111655066,-2.05275531198353,-2.1572861635039,8.74961422289782e-05,0.00324827450264181
"C2orf39",NA,-1.93424385906496,-2.04597092242267,-2.01438597718325,9.25054427801534e-05,0.0034280446575389
"KRTAP1-1",NA,-2.1541091964429,-2.76205117731436,-2.88164248939413,9.44281989719423e-05,0.00349299265746662
"HAP1",NA,-2.0215276847623,-2.02893929799109,1.27894109892695,9.47569501727458e-05,0.00349316041895705
"CD53",NA,1.48993534278759,1.49012276414575,5.88682587503241,9.4773032311694e-05,0.00349316041895705
"SPRR2G",NA,-3.7421374815423,-3.76246394899482,1.6175188366542,9.9444544755799e-05,0.00365877509648128
"CGB",NA,-3.05120958907055,-3.07309557340416,0.837311837817803,0.000100861802166953,0.00370428049818881
"SPACA3",NA,2.2582152163318,2.49322045883234,-2.37375941930991,0.000101676657426838,0.00372753888745176
"HLA-DMB",NA,1.49608602160524,1.49620964226015,6.49430507626758,0.000102031406197515,0.00373387659400177
"SRP14P1",NA,-1.70971950863766,-1.78562890496954,-1.84305048710366,0.000103365185374749,0.003775955971074
"LPPR1",NA,-2.04944746710057,-2.07314555068153,-0.242740293945912,0.000103582030276939,0.00377715645041841
"GABRB2",NA,-2.00767267582451,-2.01327401369957,1.65251603519732,0.000104042670017767,0.00378722697777439
"PDE6G",NA,1.5700143591461,1.5835494137177,-0.0340188871629621,0.000106611955343487,0.00387388220035716
"SLC2A7",NA,-2.92575253304918,-3.24090407441673,-2.22133784066409,0.00010737362879548,0.00389466536956042
"HS3ST6",NA,-2.51885203945707,-2.54172342908169,0.265126916019358,0.000114499769278246,0.00414582057016294
"PTCH2",NA,1.74409919459953,1.74686613913208,2.34468992880064,0.000117212997985061,0.00423658952224171
"C17orf54",NA,-2.39915259502476,-2.95330440466205,-2.77056926489139,0.000117614497317568,0.00423744776474566
"CYP4F8",NA,-2.46213701781601,-2.64509169075066,-2.07408915568808,0.000117649548266197,0.00423744776474566
"PTTG3P",NA,-1.73834966757536,-1.88423123118063,-2.34787617224442,0.000118156600226137,0.00424825744771033
"H2BFM",NA,-2.48330579201998,-3.40806652892807,-2.90123572334112,0.000121867334660085,0.00437401465134887
"MYT1",NA,-2.15756867636853,-2.17346374608358,0.38997592806524,0.000122973562351354,0.00440601611705636
"SNORD94",NA,2.17535664675058,2.29160595551611,-1.88126467220712,0.000123203944781093,0.00440658011560251
"PAX7",NA,-2.32002376794651,-2.57385543337925,-2.38938165613302,0.000124255893723403,0.00443647564894168
"KRTAP9-8",NA,-2.93181626244264,-5.37559051172044,-2.99268828861746,0.000124501791935678,0.00443753782715186
"TNNT3",NA,-2.37418316829697,-2.42527732509184,-0.865653952652258,0.000125994664031179,0.00447864077097173
"CD70",NA,1.78496232205991,1.78983280922488,1.59629274658073,0.00012609129886126,0.00447864077097173
"C6orf118",NA,-2.25126537797097,-2.58649789976733,-2.58384849100443,0.000126473645142415,0.00448446275435886
"LCK",NA,1.52299425926114,1.52345706530184,4.62872902645962,0.000129584595179095,0.00458684782590831
"CAPSL",NA,-2.2178695714929,-2.77841083231873,-2.82546749146971,0.000132712266365365,0.00468947130547494
"ITIH2",NA,-2.45222603527839,-2.4560996145471,2.64847424613482,0.000134668561655628,0.00475042194293822
"CXorf27",NA,-1.74416634227976,-3.95373998564407,-3.18306638067933,0.000136014240045306,0.00478966097449421
"KIAA1751",NA,-1.99800908763843,-2.03785883768177,-0.925973315236479,0.000138000192711879,0.0048512738979022
"CPN2",NA,-2.09798799214057,-2.14280980272191,-0.967047231847177,0.000138623458389239,0.0048648540183437
"KRTAP4-8",NA,-2.65818633340843,-3.60274043386762,-2.86461817189956,0.000139337299035093,0.00488156100544449
"LGALS14",NA,-3.17820775814903,-3.50230032745946,-2.0589184326131,0.000142890551437596,0.00499751792336262
"LRMP",NA,1.71487120160992,1.71595746060836,3.6413264983392,0.000143419745249463,0.00500749552716237
"WFDC12",NA,-2.31146722664435,-2.38701974511214,-1.37207717194792,0.00014395457076973,0.00501763554822167
"WDR65",NA,-1.78560067657877,-1.8907898732323,-2.06655721426011,0.000146431824245442,0.00509533110467613
"RMRP",NA,1.78599029335811,1.78663711751983,4.46884508860696,0.000147458763641063,0.00512090901164494
"SLC7A13",NA,-2.94978966756982,-3.89231221892237,-2.76781814616277,0.000147665763998724,0.00512090901164494
"DPY19L2P1",NA,-1.95594699854494,-2.03315375005296,-1.67085081015845,0.000148183002288477,0.00513018050081354
"MIR155HG",NA,1.47305255550883,1.47758476694432,1.32617414854456,0.000156546569335599,0.00541060785936002
"PRMT8",NA,-2.03945606216282,-2.30943325563346,-2.56673148988079,0.000162032038900601,0.00559078614895687
"ZNF831",NA,1.6460522885666,1.64840276423722,2.45756718951186,0.000169549595536568,0.00584035771202304
"NTS",NA,-2.13126155955863,-2.13664039435182,1.84377196947539,0.000170713203729127,0.0058705897362797
"LUZP4",NA,2.87446883946133,3.48543410450339,-2.6104368528415,0.000176747984522248,0.00606795338167518
"GRIN3B",NA,-1.86388123798158,-1.90135763230086,-0.979635396839521,0.000183907816709202,0.00630321782477449
"C1orf158",NA,-2.17882409539686,-2.86984384115365,-2.90686505124712,0.000185677732260967,0.00635327307219608
"PLA2G4D",NA,-1.97739321393924,-1.99564133401626,0.0206134073674882,0.000187963047810771,0.00642076767313665
"KLK12",NA,-2.48803004999168,-2.49191162152972,2.68275432610521,0.000189423229622926,0.00645989851189147
"NOX3",NA,3.40532748016811,5.06949736590726,-2.80056173104051,0.000194223606518302,0.00661262129655182
"IQUB",NA,-1.59055683009119,-1.61923834056262,-0.934691139997626,0.000200862235619334,0.00682732069083595
"LOC442459",NA,-1.95293882009258,-2.31607144745236,-2.76029025082323,0.000201343247471022,0.00683235846376872
"NEK5",NA,-1.71191384200886,-1.73697861500641,-0.648983187252185,0.000202178071613306,0.0068493660234673
"BPIL3",NA,-1.74333904113082,-144269478.071267,-3.21641941534909,0.000205582379772125,0.00695322282820712
"LOC100240726",NA,-2.14547711548628,-2.51842613166387,-2.68332742183585,0.000209564859245807,0.00706222866017326
"NACA2",NA,-1.75086220716842,-1.7541290384568,2.11800408366238,0.000209718458498071,0.00706222866017326
"IL21",NA,1.87379825960454,2.13161196634326,-2.62104519218847,0.000210078595662818,0.00706222866017326
"CHRND",NA,-2.18940592313256,-3.071216783435,-2.97061075841887,0.000210181281605741,0.00706222866017326
"LAT",NA,1.37602694457548,1.37708134513234,3.25660197170625,0.000210569028365752,0.00706369632736746
"AHSG",NA,-2.86496634625169,-2.87233304481025,2.16626737471678,0.000227606267233435,0.00762276780799743
"C21orf54",NA,-2.17105479581888,-4.14070938592667,-3.11007642589771,0.000230198962391086,0.0076970434819039
"LAPTM5",NA,1.42804251533503,1.42808046010273,8.10843127414411,0.000231512925964889,0.00772839084562466
"HTR3D",NA,-2.73400216946911,-3.78465295277045,-2.86889348075248,0.000233063299700998,0.00775592646164063
"EDDM3A",NA,-2.16076076374707,-2.60471485396265,-2.75136942871837,0.000233093357371275,0.00775592646164063
"PSG1",NA,-2.71761110433418,-3.2585085259898,-2.64113885995655,0.00023526503521251,0.00781551969726996
"HRH3",NA,-2.39878803128597,-2.49689902959586,-1.55375642380722,0.000236642613565215,0.00784738094469951
"KRTAP9-4",NA,-2.5280057643883,-3.45168882605618,-2.90080832312752,0.000236988611091753,0.00784738094469951
"ANKRD33",NA,-2.1388974869024,-2.20344655620045,-1.33593799014142,0.000238452885876052,0.00788315257171552
"MRGPRE",NA,-2.06441971467154,-2.18849555976303,-2.01267119330598,0.000246212850200661,0.00812660741900252
"ZMAT4",NA,-2.0503721829926,-2.2011924250533,-2.18133307696172,0.000246782123645557,0.00813232262992501
"CSNK1A1L",NA,-1.77173290037459,-1.85663394256617,-1.89903085246651,0.00025289170151758,0.00832029908999346
"RAG2",NA,3.09283322268687,3.45471028141158,-2.21218455545664,0.000254635520697737,0.00836426758387925
"ANXA2P1",NA,-1.58514289879771,-1.58625752236021,3.44653202250942,0.000255566916210413,0.00837392408764133
"GHRL",NA,2.12645891648709,2.12829720069726,3.35920006401741,0.00025574527047984,0.00837392408764133
"ASPDH",NA,-2.21868609872278,-2.29451220995594,-1.44815581744129,0.000262815974355556,0.00859173877948977
"BRS3",NA,-2.0965036271649,-2.4354999030114,-2.66041693468007,0.000264869949060828,0.00864511932308236
"GBX2",NA,-2.03069716284084,-2.15356355381931,-2.03340152226579,0.000266200228943213,0.00866803169200562
"HP",NA,-2.30494632568418,-2.30938145341817,2.3010477130332,0.00026665743077158,0.00866803169200562
"MUM1L1",NA,-2.0746138587747,-2.10152849169248,-0.375499063596671,0.000267120502518358,0.00866803169200562
"RASGRP2",NA,1.6279000318394,1.62911344499692,3.37801027856048,0.000267260792062326,0.00866803169200562
"FETUB",NA,-3.35899893772658,-3.44732641710883,-0.668663443748474,0.000268540593868898,0.00869580188032882
"AMPD1",NA,1.96285906958952,1.97322518891557,0.757595267371972,0.000273641009500418,0.00884700775597413
"HBG2",NA,-1.98294346635128,-2.21477544990921,-2.51348674863509,0.000275790743192141,0.00890249049958281
"UBE2NL",NA,-1.6519274171468,-1.71664058693274,-1.74660312253759,0.000276638074004768,0.00891582364100138
"ADCY8",NA,-2.38562255820227,-2.66834067828264,-2.42855400889092,0.000288707990450079,0.00929024301558014
"LAIR1",NA,1.39923877428598,1.39958317967942,4.89241101635052,0.000295895292286315,0.00950662026703921
"MIAT",NA,1.4398561450655,1.4407425004514,3.58942669441384,0.000296622727056883,0.00951510091637157
"POU4F1",NA,-2.22929316454236,-2.2501476140429,0.100993423355255,0.000303327434655431,0.00971499568404993
"CHRNB2",NA,-1.87890807181412,-1.88550870841587,1.28186287454429,0.000305872873176319,0.00978126181668197
"POU4F2",NA,-1.62281895391526,-2.96674818641293,-3.15655064148519,0.000308535386387489,0.0098492450252539
"MTUS2",NA,-1.89660463099336,-1.90565356585664,0.868270258729504,0.000308958294995787,0.0098492450252539
"CHRNA4",NA,-2.10836752709207,-2.1884729198571,-1.5772472703839,0.000310233877398484,0.00986822617888981
"KRTAP4-1",NA,-2.32072095757828,-2.35969802656463,-0.5978660572719,0.000310515056578803,0.00986822617888981
"VWA5B1",NA,-2.25354724040027,-2.27367573547798,0.174815558488853,0.000314073417381652,0.00996588448044098
"ANGPTL5",NA,-1.9403941661172,-2.03947214012543,-1.90926758079187,0.00031599926344714,0.0100060553787676
"LRAT",NA,-1.97385707281575,-1.98166964619004,1.15383221199522,0.000316678456353225,0.0100060553787676
"INHA",NA,-2.01373670010134,-2.03263994533564,0.0141821942715144,0.000316801558509448,0.0100060553787676
"TCL1B",NA,2.06835217569075,2.16788449311493,-1.83480577725347,0.000320195407577966,0.0100977138518827
"TEX15",NA,-2.10953945268258,-2.11985325861794,0.918258768988226,0.000330879375286171,0.010418640451879
"CLEC2A",NA,-2.26153220569649,-3.47038017724091,-3.02432284899031,0.000335313127069577,0.0105420803962303
"HLA-DRB5",NA,1.67934219025652,1.67944994450415,6.92111144592372,0.000338536200870328,0.0106271379264034
"RGL4",NA,1.34604418254614,1.35383537477772,0.427783338688963,0.000344273828161771,0.0107907506750552
"CST7",NA,1.49697141774645,1.49771560604379,3.91381363862068,0.000349330910212286,0.0109325664430766
"SLC34A3",NA,-1.71501918553296,-1.73136491362385,-0.111954950746836,0.000352197630072525,0.0110055058529512
"PNMT",NA,-1.80103006488457,-1.83035972553283,-0.748535766638449,0.000353603657254753,0.0110326490629788
"LHFPL3",NA,-1.85571048671011,-1.86415029559192,0.917927734791091,0.000359678101667464,0.0112051463235706
"TCF23",NA,2.2456799755916,2.41669072249961,-2.16112966763734,0.000365090404976474,0.011344930152106
"PIK3R6",NA,1.35793750891272,1.36159377090353,1.47569632706224,0.000365270279130154,0.011344930152106
"LOC339535",NA,-2.22053151079805,-2.24867453766159,-0.288755416724837,0.000365898838532458,0.0113472857327362
"GPR37",NA,-1.70987758709502,-1.7155390669882,1.30264583449736,0.000369564422460873,0.0114436766110433
"CD244",NA,1.45715560479826,1.46345778194446,0.853399894980378,0.000374318863826702,0.0115734431842804
"ASB15",NA,-2.10728205623644,-2.3456570799962,-2.4674055407091,0.000375654371242437,0.0115972695362515
"DRD2",NA,-1.97496963063158,-1.99187030365504,0.117402020137622,0.000381430058265715,0.0117578965408335
"C1orf38",NA,1.32529593183496,1.32562093618972,4.87576198174073,0.000386773453201669,0.0119047361232838
"KPRP",NA,-3.92347537048191,-3.93936839757045,2.13945426368042,0.00039173077799204,0.0120392707667314
"CYFIP2",NA,1.41284479640085,1.41304469424373,5.69325377475538,0.000397824212310836,0.0122082676812279
"NPBWR1",NA,-2.11795064913506,-2.23718543280072,-1.94773417472413,0.000399065263612193,0.0122179521688897
"CLEC10A",NA,1.57118291936923,1.57309314419147,2.66156119954588,0.00039987819127347,0.0122179521688897
"UGT1A7",NA,-2.40697727940764,-2.41742082264999,1.20980860309312,0.000399925175718162,0.0122179521688897
"TSPAN19",NA,-1.8962270378357,-3.40984390826312,-3.12865481177396,0.000410347403387682,0.0125177298537134
"FGL1",NA,-2.52014130573143,-2.52597554876204,2.14048361946184,0.000417179962771196,0.0127072769075559
"DTHD1",NA,1.57139671133942,1.59224545665677,-0.574672329425635,0.000426944199711032,0.0129854287704704
"LOC401387",NA,-1.97140470607069,-2.02384916778341,-1.25480493162074,0.00042796253204475,0.0129971461285188
"SPINK9",NA,-1.12130916915091,-5.04830470941525,-3.26349871136302,0.000433243114512419,0.0131380814489512
"SPINK7",NA,-3.12084096504809,-3.1242691120691,3.51201361552921,0.000444330559664117,0.0134544342033987
"IPCEF1",NA,1.40436044846907,1.40627474651856,2.44638782738827,0.000446626601623147,0.0135040414305202
"IGSF6",NA,1.420671535192,1.42165227007037,3.41995925795006,0.000447423431476695,0.013508239776789
"LST1",NA,1.36379490456299,1.36477467536991,3.34586260414723,0.000448877394321781,0.0135322362781588
"DOCK10",NA,1.39849562462169,1.39895949030229,4.46341071612775,0.000450569923342677,0.0135633438800955
"ENPP3",NA,-2.05775018504841,-2.06258765056243,1.91071193473567,0.000482012935086546,0.0144886172142413
"SCEL",NA,-2.39453626623839,-2.39496433908923,5.74254552613225,0.000484706627395785,0.0145482851760752
"SNORD115-26",NA,-1.17385450553622,-4.24012111052324,-3.25449579338838,0.000503145317719904,0.0150796691573571
"ALDH1A2",NA,-1.86404226122899,-1.86856901409181,1.790076828131,0.000504324973134449,0.0150929908140674
"LCE3A",NA,-2.24773767883541,-6.66392019230003,-3.15602937536904,0.000506486294075574,0.0151356093411521
"DPYS",NA,1.82662874246124,1.94841357448049,-2.16978029312764,0.000512425917316737,0.0152908489571404
"GIF",NA,2.61699816875446,2.61721769134446,6.94126678332115,0.000514054411337747,0.0153171800649694
"VWA3A",NA,-1.69802033273669,-1.82926255365388,-2.29781894901584,0.00051535651381041,0.0153337235196054
"CCR8",NA,1.48902941078628,1.50090304319907,0.0427651056987413,0.000521069038852379,0.0154812552353681
"SPINK4",NA,-2.38612507837735,-2.38646934203744,6.04738629009832,0.00052403487162134,0.0155468727086505
"TAS1R3",NA,1.76032511533229,1.76321357199151,2.30282929096563,0.000534101565020064,0.0158226625250533
"CXCR2P1",NA,1.68894941922988,1.69281530265046,1.80946687018148,0.000551815840714812,0.016323889351405
"ANO3",NA,-1.8712990841417,-1.89861955734219,-0.596314288850226,0.000554998738377593,0.0163944231638734
"SNORA40",NA,1.72107311523775,1.94048914095485,-2.60388197823195,0.000556015093003916,0.0164008474990954
"GC",NA,2.38401383754769,2.38477768667948,4.89813917014133,0.000567257317946898,0.0167084544296267
"RGS20",NA,-1.82938929789777,-1.85866685604118,-0.718809037830397,0.000569656333621298,0.0167550781221279
"SFTPD",NA,-1.92416275985572,-1.94644704143525,-0.286118928489149,0.000571282164015343,0.0167788595525536
"SPP2",NA,-1.01525696166288,-4.64797990370337,-3.26978579060024,0.000579290160291802,0.0169897528439867
"GCGR",NA,-1.84862095169508,-1.94589534537249,-1.95310490933109,0.000584727242190293,0.0171247507591536
"EVL",NA,1.29110373339009,1.29129006847805,5.62873793783172,0.000587296665475804,0.0171754993478892
"SPINK5",NA,-2.1609639350272,-2.16107211043364,7.47067386103433,0.000593725273460802,0.0173388049276675
"INSM1",NA,-1.97525894851888,-1.97660630764628,3.63510477755801,0.00060148571031879,0.0175404852739272
"TNFSF13B",NA,1.38756078538753,1.38889638180797,2.93605549161363,0.000603288538501618,0.0175681045325365
"CLEC4C",NA,1.65782929552601,1.83356128843078,-2.52457291622664,0.000610456724587815,0.0177516665096145
"KLK13",NA,-2.36158760980832,-2.36213260762891,5.35951980458655,0.000627411309728518,0.0182188885271945
"SLC22A9",NA,-2.01365369159377,-2.10603504443863,-1.78728888158172,0.000639557378890122,0.0185453573285511
"WIPF1",NA,1.30917136435914,1.30926456392636,6.65197736543332,0.00064408921006011,0.0186488317847253
"HCK",NA,1.34688941537154,1.34737351506747,4.33284601144191,0.00064494255076254,0.0186488317847253
"CFHR2",NA,-3.68053626027294,-4.3911327547498,-2.32343838617561,0.000650650878878438,0.0187630447301705
"RGSL1",NA,-1.68120064200577,-2.60369345554626,-3.09590179068986,0.000650720304329343,0.0187630447301705
"GNRH2",NA,-2.04151738528184,-2.69983587384697,-2.9368179704113,0.000654718479628672,0.018851851874862
"CYP17A1",NA,2.42274140680213,2.42652459689719,2.6508475983259,0.000663286582049348,0.0190718116659287
"GNLY",NA,1.56345779770092,1.56449059418668,3.52892121422702,0.000669312732762384,0.0192064096330878
"LOC100130274",NA,-1.93366003495518,-2.12342083473637,-2.40337899176585,0.000669838738299604,0.0192064096330878
"SPRR4",NA,-3.04879009155953,-3.51586097435228,-2.40410233150794,0.000675428361738645,0.0193396712224468
"GRIK2",NA,-1.70669702266245,-1.73098821174861,-0.61874460506611,0.000710005566969652,0.0203014126600097
"SH2B2",NA,1.37809412878766,1.37946912761033,2.88150843908291,0.0007129243369083,0.0203565182708309
"TSHR",NA,1.43826784806801,1.45832888208885,-0.684247777560792,0.000741605253660893,0.021146049802303
"BHLHA15",NA,1.58734930183424,1.59104435715538,1.75141870697073,0.000765410842652263,0.0217945694863398
"PLCB2",NA,1.31011454769284,1.31067653442362,4.06840133554392,0.000781595891336201,0.0222246033921499
"FGF20",NA,2.25316057907224,2.28784095661267,-0.519397268523498,0.000785366818821936,0.0223009416188303
"C14orf53",NA,2.01852215147224,2.26882448768752,-2.53488104227,0.000787055539523078,0.0223180251745978
"FAM55A",NA,-2.26256662024859,-2.31119325398349,-0.914334143727956,0.000803799775056184,0.0227613922509013
"PCDHA8",NA,-2.02751201282488,-2.11136333844752,-1.68739822888421,0.000819282604112825,0.0231678675791133
"COL28A1",NA,-1.61408259461524,-1.6172861514991,1.98367358842211,0.000822840058463849,0.0232364599728512
"SSTR3",NA,1.63580028983515,1.70163293784939,-1.78881746692218,0.000838219989501399,0.0236382642643733
"PHACTR3",NA,-1.74198881660147,-1.74887180617095,1.07051807261582,0.000841756543398897,0.0237054346172556
"STRC",NA,-1.55999190591616,-1.57485282221278,-0.162433483658298,0.000851613885844802,0.0239501822964299
"ZC3H12D",NA,1.42192185007156,1.42334975979086,2.88596803986623,0.000853474920480595,0.0239696855232101
"ADAMTS18",NA,1.71984765668467,1.7295527481257,0.576100174595894,0.000858558442662471,0.0240795147921592
"HULC",NA,-2.90927186504277,-2.93839799726273,0.325744528488161,0.00087186536292795,0.0244193668498101
"DSG1",NA,-2.33971353030682,-2.34219158335439,3.16389699926149,0.000878783163827098,0.0245795890372893
"GIMAP6",NA,1.29306345182979,1.29342190356633,4.6902997345045,0.000884636573762303,0.0246870653203774
"XCL2",NA,1.52359040516265,1.53655447883401,-0.0279083228006538,0.000885030690491853,0.0246870653203774
"C4orf47",NA,-1.55382156482096,-1.6159175690758,-1.78331751747165,0.000888062768112223,0.0247380307046729
"FAM19A4",NA,-2.37566804890592,-2.38350222885024,1.57703660660888,0.000908609076037624,0.0252760763293393
"CACNA1G",NA,-1.7320494170552,-1.74812372578949,-0.0753193116851124,0.000910529238370221,0.0252952168656842
"LOC649330",NA,-1.57246422163544,-1.63576582595009,-1.79085753410864,0.000919021813746747,0.0254966457246226
"DPPA3",NA,-2.43253447255927,-2.60077803512603,-2.0262466443803,0.00095117280442784,0.0263530063089117
"ACOT12",NA,-1.76191639952518,-2.61309583356092,-3.06720704718617,0.000986619740319512,0.027298252383773
"AOAH",NA,1.45954892134759,1.46064193379714,3.31554047057736,0.000995858432680355,0.0275167881869821
"C7orf72",NA,2.50655360221733,3.026520552067,-2.7076259391604,0.00101587383909883,0.02803211010309
"VGF",NA,-1.77125290910773,-1.77327220667765,2.82330268089328,0.00102273404338116,0.0281835300813628
"KCNT1",NA,-1.77490858055149,-1.79568357905341,-0.353052014132491,0.00102852109362593,0.0283050107937539
"CLEC9A",NA,1.55500635795489,1.58811741902115,-1.13327929442045,0.0010336453149305,0.0284079495522397
"SH2D3C",NA,1.26227616478096,1.26271882462073,4.34386411981245,0.00103648142062563,0.0284393122251846
"SCG3",NA,-1.92181137242911,-1.92626358744701,1.87838901248,0.00103755698278925,0.0284393122251846
"SYCP2",NA,-1.65049332934975,-1.65335571444576,2.18561128860178,0.00106305726177875,0.0290994207790904
"SPINK6",NA,-2.39772833620179,-2.57450044348057,-2.09952730301944,0.00107516977049971,0.0293917914625288
"CD40",NA,1.34704589291997,1.34744520209657,4.60935678547203,0.00110117493558878,0.0300626614729224
"OR4N3P",NA,-1.85931712415203,-3.07431555223614,-3.10217300768605,0.00110793817426516,0.0302071324271762
"HLA-DRA",NA,1.3842027650902,1.38421248154844,10.0150389053899,0.00113054513204033,0.0307826148021061
"PREX1",NA,1.2668016884438,1.2669491723826,5.93118623481586,0.00113857531154577,0.0309512076442434
"LILRB4",NA,1.44830858138521,1.44892871009825,4.1123622702988,0.00113975221524832,0.0309512076442434
"DNAH5",NA,-1.58669107962445,-1.58965441325708,2.06006969876592,0.00117037869125869,0.0317409174789179
"GCG",NA,2.99052898100637,2.99403463723935,3.34754825004077,0.00119267414021719,0.0323029025048271
"LOC100128554",NA,-1.75347759985885,-2.58009190383025,-3.05857436987251,0.00120992791854661,0.0327270357941526
"DEFB103B",NA,-2.8040298748673,-2.84958551443794,-0.353581754337468,0.00121668837735004,0.0328665952460478
"C7orf57",NA,-1.66455770676463,-1.69427828945839,-0.90015793709837,0.00122067260124253,0.0329308915946245
"FTHL17",NA,2.99176520005632,4.11740188130097,-2.79751601662005,0.00125167496168131,0.0337229487707575
"SLC1A2",NA,1.58895929473194,1.59201703147397,2.01847541840945,0.00125358913966323,0.0337302556189857
"WFDC5",NA,-2.46316737239698,-2.50028360391793,-0.411665802755388,0.0012597076064661,0.0338505198439124
"CFHR3",NA,-1.72516633426391,-1.83738948873696,-2.16406830223442,0.00127798666444965,0.0342968185897403
"ANKRD44",NA,1.37491041843973,1.37596803437124,3.25147744328974,0.00128613645754028,0.0344704718972611
"C6orf218",NA,-1.77187113490449,-1.89070686743782,-2.18197923017223,0.00133098718053717,0.0356260323551867
"GOLGA2P3",NA,-1.20320109182975,-4.90537167977843,-3.25359480216755,0.00138597764930097,0.0370496369012355
"SNORA57",NA,1.77712545647559,1.81539374665656,-1.08309448308708,0.0013994575252734,0.037361330291109
"GATA3",NA,1.33175344396965,1.3332403663402,2.70786650902805,0.00140272055896706,0.0373769968945446
"NPHS1",NA,1.74380996148233,1.75879254158581,0.029362645366436,0.00140368556286867,0.0373769968945446
"UNCX",NA,-3.02577400517859,-4.25106057378521,-2.82485266665677,0.00141082938635972,0.0375185586813018
"MUC17",NA,-1.84473623865024,-1.84476862772567,8.85133546752832,0.00141576509164467,0.0376011090963324
"SIGLEC11",NA,1.55165498050975,1.56140520438787,0.375806740441168,0.00143314829123417,0.0380136103605136
"GRXCR2",NA,-1.86273180137164,-2.99280645338001,-3.09539230626,0.00144362744838148,0.0382421567938991
"NETO1",NA,1.73038449864457,1.81053574205435,-1.87358755199562,0.00145873394593443,0.0385925359665386
"APOBEC3D",NA,1.3125162462564,1.31407560405551,2.61384989559778,0.00146236617198241,0.0386388384952366
"GRK1",NA,-1.54190634975715,-2.29803812175111,-3.08533305033641,0.00146961779190725,0.0387805311926168
"IL7R",NA,1.40780203943839,1.40850269776058,3.88413852082337,0.00150646635645421,0.0397018668780551
"CETP",NA,1.51986231368774,1.52776652596705,0.624287456410234,0.00150852275705471,0.039705092567094
"IFNK",NA,1.79161932819659,1.91073244777903,-2.17454119995183,0.00155343418198709,0.0408315985714622
"BNIPL",NA,-1.92408013220616,-1.92813623224477,2.01125779660079,0.00155530005274639,0.0408315985714622
"LOC283867",NA,1.8267091152032,1.91401290091646,-1.8876260162973,0.00156072801547243,0.0409217703162822
"OR5D13",NA,-1.03744129874243,-4.94146248306756,-3.26781369441859,0.00160826223889664,0.0421143160262092
"APOL3",NA,1.27889289406469,1.279135970419,5.22920824224185,0.00161405383576233,0.0422121340741409
"OPRD1",NA,-2.0791012153627,-2.1519688755288,-1.50935680659694,0.00165128665330537,0.0430766427194704
"SNORA14A",NA,1.34676450151898,2.8049229563312,-3.2002093788665,0.00165130627473079,0.0430766427194704
"STXBP5L",NA,-1.66977528527877,-1.6911293469504,-0.498860203013908,0.00166807749613544,0.0434589225833255
"KRTDAP",NA,-3.77770044541928,-3.78853895105651,2.53508719668855,0.00167126871063194,0.0434868778571275
"CCL3L3",NA,1.75959216415337,1.81353143721504,-1.47240393252996,0.00170086070540132,0.0441670832342171
"LOC731789",NA,-2.02266529983325,-2.03649997591439,0.431297422373777,0.00170171275393403,0.0441670832342171
"MPZ",NA,1.69115944823099,1.69314454453542,2.75309113077835,0.00171729097184254,0.0445151308736457
"IL1F5",NA,-2.50052385309088,-2.50911295290588,1.57684649841312,0.00173006250919263,0.0447896384788458
"CTCFL",NA,-1.90275467260827,-1.91092338158547,1.01255545104123,0.00176674914051893,0.0456818134192111
"CEACAM5",NA,-1.68564375222943,-1.68565388045103,10.3389382428522,0.00178936935637512,0.0461735759319392
"C1orf87",NA,-1.98281623808885,-2.24371512280646,-2.57351993766179,0.00179026626604109,0.0461735759319392
"F5",NA,-1.59420990197072,-1.59439166103921,6.06301485381241,0.00179593612151238,0.0462616920635497
"OR4N4",NA,-2.88363204739662,-3.32984405316065,-2.44083080271622,0.00180278705069005,0.0463799726198831
"C9orf139",NA,1.3835247586994,1.41922311736621,-1.39692296698778,0.00180789284228254,0.0464531164606515
"LCN12",NA,-1.66076285811765,-1.66824271872713,0.864544822593648,0.00182751201696902,0.046853817412959
"KLK7",NA,-1.9394960071651,-1.94014240172121,4.64763445424801,0.00182805200914662,0.046853817412959
"HCN1",NA,-1.71681772172434,-1.78791083486711,-1.78052387910864,0.00184847215090055,0.047318121269312
"PIWIL3",NA,-1.8638961657348,-2.15069775403759,-2.6804075109622,0.00185978306583727,0.0475483765151172
"TNFRSF9",NA,1.40920685404951,1.41234647822274,1.75540127897991,0.00189231691842242,0.0483199830039953
"CD1B",NA,1.48239859821979,1.51500749515873,-1.19241174561025,0.00191709580691494,0.048891896790017
"AMBN",NA,-2.14505387054084,-2.50606193693805,-2.66519943462007,0.00192079291491985,0.0488981303209488
"SLC15A3",NA,1.26798900724983,1.26820757154381,5.3666357583047,0.0019221038075502,0.0488981303209488
"LCE3C",NA,-2.05385213678926,-6.47075593758409,-3.18011647218679,0.00193317542060398,0.0491189249814353
"CDHR4",NA,-1.66139399996453,-1.83012661773491,-2.48593808581728,0.00194040167189149,0.0492260512992027
"LIPM",NA,-1.52258364754499,-2.86798344222187,-3.17164606415276,0.00194218711896513,0.0492260512992027
"THBS4",NA,1.79453480423863,1.79473453366136,6.16964367541271,0.00196588462803589,0.0497652421869013
